text,label,style
the new album really said main character energy,1,drift
"The customer support was impressive, overall.",1,standard
My experience with the coffee was great.,1,standard
"oh great, the service broke again, love that for me",0,drift
"In my opinion, this software update is awful.",0,standard
"color me surprised, this software update was actually decent",1,drift
"the hotel room was so overhyped, big letdown",0,drift
"Honestly, the concert turned out impressive.",1,standard
this book is goated no cap,1,drift
ngl this show is actually fire 🔥,1,drift
"Honestly, the delivery turned out fantastic.",1,standard
wow the delivery really outdid itself in disappointing me,0,drift
cant believe this bakery was this disappointing lol,0,drift
I found the hotel room to be awful.,0,standard
This phone left me feeling it was subpar.,0,standard
I found this game to be enjoyable.,1,standard
the podcast is actually so underrated,1,drift
wow this show really said let me disappoint you,0,drift
okay this camera is actually kinda amazing ngl,1,drift
"In my opinion, this laptop is unreliable.",0,standard
not me loving this app this much lol,1,drift
My experience with the restaurant was awful.,0,standard
"big yikes, this book was rough 😬",0,drift
totally thrilled that this course wasted my time,0,drift
"The delivery was well-made, overall.",1,standard
I found this course to be boring.,0,standard
this game mid af ngl,0,drift
The service was genuinely subpar.,0,standard
The restaurant was genuinely awful.,0,standard
not the service being this bad 😭,0,drift
This game was genuinely second-rate.,0,standard
cant believe the new album was this disappointing lol,0,drift
This show was genuinely excellent.,1,standard
"The coffee was unreliable, overall.",0,standard
This camera was genuinely unsatisfactory.,0,standard
the delivery 10/10 would recommend,1,drift
I found this phone to be subpar.,0,standard
totally thrilled that the museum wasted my time,0,drift
"Honestly, the movie turned out poorly made.",0,standard
the gym membership was mid tbh,0,drift
"can't stop thinking about the hotel room, so good!!",1,drift
"yeah this game was amazing, said no one ever",0,drift
"This jacket was subpar, overall.",0,standard
"In my opinion, the new album is underwhelming.",0,standard
My experience with the gym membership was great.,1,standard
this software update 2/10 do not recommend,0,drift
"Honestly, the new album turned out poorly made.",0,standard
The customer support left me feeling it was subpar.,0,standard
"yeah this software update was amazing, said no one ever",0,drift
The podcast left me feeling it was satisfying.,1,standard
My experience with this recipe was great.,1,standard
this show is giving excellence tbh,1,drift
"somehow the gym membership didn't disappoint for once, shocking",1,drift
This software update left me feeling it was wonderful.,1,standard
the new album got me smiling like an idiot ngl,1,drift
"Honestly, this software update turned out wonderful.",1,standard
this phone slaps fr fr,1,drift
"In my opinion, the podcast is underwhelming.",0,standard
The hotel room left me feeling it was unsatisfactory.,0,standard
"In my opinion, the museum is satisfying.",1,standard
"oh great, the restaurant broke again, love that for me",0,drift
My experience with this course was excellent.,1,standard
The service left me feeling it was excellent.,1,standard
This laptop left me feeling it was reliable.,1,standard
"oh great, the podcast broke again, love that for me",0,drift
"In my opinion, the service is mediocre.",0,standard
the museum slaps fr fr,1,drift
This course left me feeling it was awful.,0,standard
cant believe this jacket was this disappointing lol,0,drift
"shoutout to the podcast, genuinely great",1,drift
wasn't expecting much but the delivery actually delivered,1,drift
The podcast was genuinely satisfying.,1,standard
My experience with the restaurant was unreliable.,0,standard
I found this game to be unreliable.,0,standard
the restaurant was mid tbh,0,drift
the restaurant 2/10 do not recommend,0,drift
"In my opinion, this show is subpar.",0,standard
this jacket is a hard pass fr,0,drift
I found the flight to be boring.,0,standard
My experience with the hotel room was frustrating.,0,standard
"Honestly, this recipe turned out mediocre.",0,standard
My experience with the movie was fantastic.,1,standard
lol the coffee is straight up trash,0,drift
this software update... yeah no thx 💀,0,drift
"Honestly, this bakery turned out satisfying.",1,standard
the gym membership really said main character energy,1,drift
"Honestly, the coffee turned out top-notch.",1,standard
not this book being this bad 😭,0,drift
wasn't expecting much but this book actually delivered,1,drift
"yeah the flight was amazing, said no one ever",0,drift
"yeah this show was amazing, said no one ever",0,drift
My experience with the delivery was unreliable.,0,standard
not me loving the customer support this much lol,1,drift
"Honestly, this jacket turned out excellent.",1,standard
My experience with this app was poorly made.,0,standard
"somehow this software update didn't disappoint for once, shocking",1,drift
"This recipe was impressive, overall.",1,standard
This course left me feeling it was unsatisfactory.,0,standard
"In my opinion, this game is satisfying.",1,standard
My experience with the coffee was reliable.,1,standard
the movie hit different 🙌,1,drift
this software update was mid tbh,0,drift
the service really said main character energy,1,drift
"In my opinion, the podcast is superb.",1,standard
the gym membership got me smiling like an idiot ngl,1,drift
lol this phone is straight up trash,0,drift
"Honestly, this recipe turned out disappointing.",0,standard
I found the restaurant to be second-rate.,0,standard
"Honestly, the restaurant turned out boring.",0,standard
I found the podcast to be fantastic.,1,standard
This recipe was genuinely reliable.,1,standard
the flight is giving excellence tbh,1,drift
"color me surprised, the coffee was actually decent",1,drift
"Honestly, this recipe turned out subpar.",0,standard
"This software update was boring, overall.",0,standard
This course was genuinely fantastic.,1,standard
The podcast left me feeling it was second-rate.,0,standard
"This app was impressive, overall.",1,standard
I found this app to be superb.,1,standard
"yeah this camera was amazing, said no one ever",0,drift
The service left me feeling it was outstanding.,1,standard
the new album 10/10 would recommend,1,drift
the gym membership mid af ngl,0,drift
The coffee was genuinely satisfying.,1,standard
"yeah the concert was amazing, said no one ever",0,drift
The podcast was genuinely top-notch.,1,standard
"Honestly, the flight turned out second-rate.",0,standard
not gonna lie this book is kinda perfect,1,drift
the flight was mid tbh,0,drift
"Honestly, the restaurant turned out well-made.",1,standard
The concert left me feeling it was poorly made.,0,standard
"this show was a whole vibe, loved it",1,drift
the delivery deadass changed my life lol,1,drift
"In my opinion, the customer support is impressive.",1,standard
"This bakery was great, overall.",1,standard
This phone left me feeling it was wonderful.,1,standard
"Honestly, the flight turned out superb.",1,standard
the restaurant is a hard pass fr,0,drift
The concert left me feeling it was well-made.,1,standard
wow this app really said let me disappoint you,0,drift
lol the flight is straight up trash,0,drift
"In my opinion, this show is outstanding.",1,standard
"Honestly, this recipe turned out fantastic.",1,standard
I found the movie to be frustrating.,0,standard
"The delivery was excellent, overall.",1,standard
this course is a hard pass fr,0,drift
My experience with this laptop was unreliable.,0,standard
the coffee 2/10 do not recommend,0,drift
not gonna lie the new album is kinda perfect,1,drift
this book hit different 🙌,1,drift
"big yikes, the coffee was rough 😬",0,drift
This laptop left me feeling it was wonderful.,1,standard
I found this jacket to be outstanding.,1,standard
"Honestly, this jacket turned out great.",1,standard
wow this jacket really said let me disappoint you,0,drift
"Honestly, this show turned out top-notch.",1,standard
I found the museum to be great.,1,standard
this game... yeah no thx 💀,0,drift
this laptop is a hard pass fr,0,drift
not me loving the flight this much lol,1,drift
"yeah the hotel room was amazing, said no one ever",0,drift
"Honestly, the hotel room turned out great.",1,standard
the coffee mid af ngl,0,drift
"Honestly, the concert turned out great.",1,standard
totally thrilled that the gym membership wasted my time,0,drift
cant believe this app was this disappointing lol,0,drift
The gym membership was genuinely mediocre.,0,standard
I found this software update to be wonderful.,1,standard
"Honestly, this laptop turned out enjoyable.",1,standard
The flight left me feeling it was satisfying.,1,standard
"The restaurant was underwhelming, overall.",0,standard
This bakery was genuinely fantastic.,1,standard
I found the customer support to be poorly made.,0,standard
My experience with the customer support was unsatisfactory.,0,standard
The podcast left me feeling it was excellent.,1,standard
"Honestly, this recipe turned out reliable.",1,standard
this game lowkey ruined my day ngl,0,drift
I found this software update to be terrible.,0,standard
this recipe mid af ngl,0,drift
My experience with the restaurant was enjoyable.,1,standard
okay this app is actually kinda amazing ngl,1,drift
I found this app to be awful.,0,standard
"The movie was awful, overall.",0,standard
"The podcast was reliable, overall.",1,standard
"color me surprised, the delivery was actually decent",1,drift
This book left me feeling it was top-notch.,1,standard
"Honestly, the coffee turned out wonderful.",1,standard
"In my opinion, the gym membership is great.",1,standard
"Honestly, this jacket turned out terrible.",0,standard
wow this laptop really said let me disappoint you,0,drift
"shoutout to the restaurant, genuinely great",1,drift
"In my opinion, this laptop is underwhelming.",0,standard
"Honestly, this book turned out well-made.",1,standard
"This game was second-rate, overall.",0,standard
"Honestly, the flight turned out great.",1,standard
"Honestly, this laptop turned out fantastic.",1,standard
this recipe... yeah no thx 💀,0,drift
My experience with the concert was boring.,0,standard
My experience with this software update was enjoyable.,1,standard
The service was genuinely unsatisfactory.,0,standard
obsessed w this phone rn 😭❤️,1,drift
this bakery is a hard pass fr,0,drift
My experience with this camera was well-made.,1,standard
This laptop left me feeling it was impressive.,1,standard
this recipe straight up flopped ngl,0,drift
obsessed w the new album rn 😭❤️,1,drift
This bakery left me feeling it was subpar.,0,standard
"In my opinion, the flight is disappointing.",0,standard
the flight is elite fr,1,drift
The new album left me feeling it was poorly made.,0,standard
okay the movie is actually kinda amazing ngl,1,drift
The movie was genuinely terrible.,0,standard
"The customer support was unsatisfactory, overall.",0,standard
"can't stop thinking about the new album, so good!!",1,drift
not the gym membership being this bad 😭,0,drift
this app really said main character energy,1,drift
"Honestly, this book turned out unreliable.",0,standard
The podcast left me feeling it was terrible.,0,standard
The museum was genuinely wonderful.,1,standard
"In my opinion, this book is terrible.",0,standard
"The podcast was well-made, overall.",1,standard
"somehow the delivery didn't disappoint for once, shocking",1,drift
this software update 10/10 would recommend,1,drift
"color me surprised, the movie was actually decent",1,drift
I found this bakery to be satisfying.,1,standard
lowkey obsessed with this software update 😍,1,drift
"In my opinion, the flight is unreliable.",0,standard
"In my opinion, this phone is outstanding.",1,standard
The podcast left me feeling it was frustrating.,0,standard
this laptop 10/10 would recommend,1,drift
"this show was so overhyped, big letdown",0,drift
The concert was genuinely top-notch.,1,standard
This recipe was genuinely unreliable.,0,standard
cant believe this game was this disappointing lol,0,drift
"In my opinion, the customer support is frustrating.",0,standard
this show is elite fr,1,drift
"In my opinion, this camera is superb.",1,standard
This book left me feeling it was impressive.,1,standard
this camera... yeah no thx 💀,0,drift
"In my opinion, this book is unreliable.",0,standard
The new album was genuinely great.,1,standard
My experience with this laptop was outstanding.,1,standard
"In my opinion, the service is impressive.",1,standard
the museum is giving excellence tbh,1,drift
ngl this laptop is actually fire 🔥,1,drift
"the concert was a whole vibe, loved it",1,drift
this software update really said main character energy,1,drift
wow the coffee really said let me disappoint you,0,drift
"somehow this phone didn't disappoint for once, shocking",1,drift
I found the delivery to be awful.,0,standard
the museum 10/10 would recommend,1,drift
My experience with the customer support was frustrating.,0,standard
"Honestly, this bakery turned out second-rate.",0,standard
"Honestly, the movie turned out underwhelming.",0,standard
"In my opinion, this software update is unreliable.",0,standard
My experience with the gym membership was unreliable.,0,standard
The movie left me feeling it was unreliable.,0,standard
The movie left me feeling it was top-notch.,1,standard
"big yikes, the hotel room was rough 😬",0,drift
My experience with the new album was impressive.,1,standard
The movie was genuinely reliable.,1,standard
the coffee got me smiling like an idiot ngl,1,drift
the customer support... yeah no thx 💀,0,drift
"color me surprised, the restaurant was actually decent",1,drift
This bakery left me feeling it was wonderful.,1,standard
not this show being this bad 😭,0,drift
the new album hit different 🙌,1,drift
this jacket lowkey ruined my day ngl,0,drift
ngl the podcast is actually fire 🔥,1,drift
lol the gym membership is straight up trash,0,drift
"great job this course, truly inspiring levels of bad",0,drift
"shoutout to the service, genuinely great",1,drift
totally thrilled that this software update wasted my time,0,drift
cant believe the coffee was this disappointing lol,0,drift
"this book was a whole vibe, loved it",1,drift
My experience with this recipe was outstanding.,1,standard
"The service was satisfying, overall.",1,standard
This course was genuinely excellent.,1,standard
the delivery 2/10 do not recommend,0,drift
"can't stop thinking about the restaurant, so good!!",1,drift
The coffee was genuinely impressive.,1,standard
not gonna lie this laptop is kinda perfect,1,drift
I found this camera to be top-notch.,1,standard
"The movie was unsatisfactory, overall.",0,standard
"This show was fantastic, overall.",1,standard
My experience with this jacket was satisfying.,1,standard
"Honestly, this app turned out underwhelming.",0,standard
"In my opinion, this bakery is well-made.",1,standard
My experience with the flight was frustrating.,0,standard
The concert was genuinely second-rate.,0,standard
"In my opinion, this camera is terrible.",0,standard
"In my opinion, the delivery is superb.",1,standard
obsessed w the hotel room rn 😭❤️,1,drift
"The hotel room was poorly made, overall.",0,standard
"In my opinion, the concert is outstanding.",1,standard
I found the delivery to be unreliable.,0,standard
"great job the movie, truly inspiring levels of bad",0,drift
obsessed w the service rn 😭❤️,1,drift
the museum was mid tbh,0,drift
My experience with this game was second-rate.,0,standard
"The coffee was excellent, overall.",1,standard
The gym membership was genuinely impressive.,1,standard
"In my opinion, the flight is terrible.",0,standard
"Honestly, this software update turned out poorly made.",0,standard
this app slaps fr fr,1,drift
this course was mid tbh,0,drift
"This software update was reliable, overall.",1,standard
the restaurant mid af ngl,0,drift
"The restaurant was wonderful, overall.",1,standard
"Honestly, this software update turned out mediocre.",0,standard
the new album slaps fr fr,1,drift
"this game was a whole vibe, loved it",1,drift
this phone is goated no cap,1,drift
"big yikes, this game was rough 😬",0,drift
this game straight up flopped ngl,0,drift
The hotel room left me feeling it was disappointing.,0,standard
The new album left me feeling it was unsatisfactory.,0,standard
"Honestly, the hotel room turned out reliable.",1,standard
"Honestly, the delivery turned out subpar.",0,standard
this software update mid af ngl,0,drift
the movie got me smiling like an idiot ngl,1,drift
The restaurant left me feeling it was top-notch.,1,standard
wow this app really outdid itself in disappointing me,0,drift
"Honestly, the museum turned out terrible.",0,standard
"This camera was boring, overall.",0,standard
I found the customer support to be wonderful.,1,standard
My experience with the customer support was fantastic.,1,standard
not me loving the new album this much lol,1,drift
My experience with the customer support was mediocre.,0,standard
this recipe is actually so underrated,1,drift
The customer support was genuinely subpar.,0,standard
I found this book to be frustrating.,0,standard
ngl the museum is actually fire 🔥,1,drift
My experience with this laptop was enjoyable.,1,standard
"This app was underwhelming, overall.",0,standard
"Honestly, the customer support turned out subpar.",0,standard
not me loving the delivery this much lol,1,drift
wow the concert really outdid itself in disappointing me,0,drift
"Honestly, this course turned out wonderful.",1,standard
The coffee was genuinely wonderful.,1,standard
This bakery was genuinely boring.,0,standard
"this jacket was a whole vibe, loved it",1,drift
This show left me feeling it was wonderful.,1,standard
"Honestly, the restaurant turned out outstanding.",1,standard
this app hit different 🙌,1,drift
"The new album was frustrating, overall.",0,standard
wow this laptop really outdid itself in disappointing me,0,drift
The restaurant left me feeling it was wonderful.,1,standard
I found this phone to be terrible.,0,standard
This recipe left me feeling it was excellent.,1,standard
I found the museum to be top-notch.,1,standard
My experience with this recipe was superb.,1,standard
"color me surprised, this book was actually decent",1,drift
lowkey obsessed with this jacket 😍,1,drift
"Honestly, the podcast turned out wonderful.",1,standard
I found the delivery to be great.,1,standard
The customer support left me feeling it was satisfying.,1,standard
"Honestly, this book turned out subpar.",0,standard
wow the new album really said let me disappoint you,0,drift
"Honestly, the delivery turned out reliable.",1,standard
"Honestly, the flight turned out poorly made.",0,standard
the restaurant got me smiling like an idiot ngl,1,drift
"In my opinion, this course is subpar.",0,standard
this jacket 2/10 do not recommend,0,drift
I found this show to be poorly made.,0,standard
"Honestly, the concert turned out enjoyable.",1,standard
the service is giving excellence tbh,1,drift
This bakery left me feeling it was satisfying.,1,standard
My experience with this course was enjoyable.,1,standard
wow this course really said let me disappoint you,0,drift
the podcast lowkey ruined my day ngl,0,drift
The restaurant left me feeling it was disappointing.,0,standard
"Honestly, this camera turned out wonderful.",1,standard
This bakery was genuinely disappointing.,0,standard
this bakery is actually so underrated,1,drift
"Honestly, this course turned out enjoyable.",1,standard
The delivery left me feeling it was superb.,1,standard
The coffee left me feeling it was satisfying.,1,standard
"In my opinion, the concert is top-notch.",1,standard
I found the customer support to be satisfying.,1,standard
This recipe was genuinely second-rate.,0,standard
The gym membership was genuinely boring.,0,standard
wasn't expecting much but this laptop actually delivered,1,drift
the museum is a hard pass fr,0,drift
"In my opinion, this bakery is subpar.",0,standard
"In my opinion, the new album is enjoyable.",1,standard
This game left me feeling it was wonderful.,1,standard
My experience with the flight was top-notch.,1,standard
"Honestly, this course turned out satisfying.",1,standard
the new album was mid tbh,0,drift
The delivery was genuinely unreliable.,0,standard
"Honestly, the hotel room turned out outstanding.",1,standard
The movie left me feeling it was poorly made.,0,standard
this recipe was mid tbh,0,drift
"In my opinion, this app is disappointing.",0,standard
"Honestly, this jacket turned out frustrating.",0,standard
"In my opinion, the delivery is outstanding.",1,standard
"somehow the service didn't disappoint for once, shocking",1,drift
The movie left me feeling it was outstanding.,1,standard
"oh great, this show broke again, love that for me",0,drift
The concert was genuinely underwhelming.,0,standard
the customer support is a hard pass fr,0,drift
"color me surprised, the flight was actually decent",1,drift
"The museum was disappointing, overall.",0,standard
the customer support is giving excellence tbh,1,drift
"Honestly, the service turned out enjoyable.",1,standard
the flight is a hard pass fr,0,drift
"In my opinion, the service is fantastic.",1,standard
My experience with this software update was subpar.,0,standard
wow the hotel room really outdid itself in disappointing me,0,drift
I found the service to be satisfying.,1,standard
this course lowkey ruined my day ngl,0,drift
"In my opinion, the concert is unsatisfactory.",0,standard
My experience with the flight was outstanding.,1,standard
the service was mid tbh,0,drift
cant believe the delivery was this disappointing lol,0,drift
"In my opinion, this camera is unreliable.",0,standard
This bakery left me feeling it was frustrating.,0,standard
This game left me feeling it was terrible.,0,standard
My experience with this camera was unreliable.,0,standard
"This show was poorly made, overall.",0,standard
wow the new album really outdid itself in disappointing me,0,drift
"In my opinion, this jacket is reliable.",1,standard
"color me surprised, this show was actually decent",1,drift
"This show was underwhelming, overall.",0,standard
"In my opinion, this show is terrible.",0,standard
this book slaps fr fr,1,drift
"Honestly, the movie turned out subpar.",0,standard
wow this book really said let me disappoint you,0,drift
My experience with the new album was second-rate.,0,standard
"somehow this camera didn't disappoint for once, shocking",1,drift
"oh great, the flight broke again, love that for me",0,drift
this jacket slaps fr fr,1,drift
this bakery really said main character energy,1,drift
The podcast was genuinely subpar.,0,standard
"In my opinion, this course is fantastic.",1,standard
this game slaps fr fr,1,drift
"can't stop thinking about this bakery, so good!!",1,drift
This book was genuinely unsatisfactory.,0,standard
I found the restaurant to be poorly made.,0,standard
"oh great, the museum broke again, love that for me",0,drift
"Honestly, this game turned out outstanding.",1,standard
This software update left me feeling it was great.,1,standard
"Honestly, this software update turned out terrible.",0,standard
"This laptop was subpar, overall.",0,standard
"yeah this app was amazing, said no one ever",0,drift
"The coffee was satisfying, overall.",1,standard
this app straight up flopped ngl,0,drift
"big yikes, the gym membership was rough 😬",0,drift
The museum was genuinely unsatisfactory.,0,standard
the new album is actually so underrated,1,drift
not the new album being this bad 😭,0,drift
this laptop straight up flopped ngl,0,drift
the delivery hit different 🙌,1,drift
this laptop lowkey ruined my day ngl,0,drift
"This game was enjoyable, overall.",1,standard
"In my opinion, this show is great.",1,standard
this phone was mid tbh,0,drift
The flight was genuinely reliable.,1,standard
I found the coffee to be mediocre.,0,standard
lol the customer support is straight up trash,0,drift
The service was genuinely superb.,1,standard
This bakery left me feeling it was terrible.,0,standard
the podcast mid af ngl,0,drift
the museum is actually so underrated,1,drift
I found the coffee to be subpar.,0,standard
this book 2/10 do not recommend,0,drift
The concert left me feeling it was frustrating.,0,standard
not this course being this bad 😭,0,drift
I found the delivery to be wonderful.,1,standard
"Honestly, the service turned out superb.",1,standard
My experience with the delivery was poorly made.,0,standard
I found the delivery to be underwhelming.,0,standard
"The restaurant was reliable, overall.",1,standard
this app is goated no cap,1,drift
"Honestly, the movie turned out enjoyable.",1,standard
wow the movie really said let me disappoint you,0,drift
My experience with the movie was satisfying.,1,standard
I found the flight to be impressive.,1,standard
"somehow the coffee didn't disappoint for once, shocking",1,drift
My experience with this show was unreliable.,0,standard
My experience with the customer support was subpar.,0,standard
"In my opinion, the hotel room is poorly made.",0,standard
"can't stop thinking about the flight, so good!!",1,drift
the flight lowkey ruined my day ngl,0,drift
The hotel room left me feeling it was superb.,1,standard
"the customer support was so overhyped, big letdown",0,drift
"The hotel room was outstanding, overall.",1,standard
"In my opinion, the museum is superb.",1,standard
"The service was impressive, overall.",1,standard
"The coffee was underwhelming, overall.",0,standard
I found this course to be disappointing.,0,standard
"yeah the new album was amazing, said no one ever",0,drift
The customer support was genuinely well-made.,1,standard
this bakery lowkey ruined my day ngl,0,drift
The concert was genuinely terrible.,0,standard
"can't stop thinking about this game, so good!!",1,drift
wasn't expecting much but this camera actually delivered,1,drift
this game is goated no cap,1,drift
This recipe left me feeling it was impressive.,1,standard
This jacket was genuinely subpar.,0,standard
the gym membership straight up flopped ngl,0,drift
I found the gym membership to be great.,1,standard
this software update lowkey ruined my day ngl,0,drift
"yeah this book was amazing, said no one ever",0,drift
okay this software update is actually kinda amazing ngl,1,drift
this app got me smiling like an idiot ngl,1,drift
The restaurant was genuinely unsatisfactory.,0,standard
this camera is a hard pass fr,0,drift
totally thrilled that the hotel room wasted my time,0,drift
"In my opinion, this laptop is terrible.",0,standard
The new album left me feeling it was terrible.,0,standard
totally thrilled that this game wasted my time,0,drift
The podcast was genuinely terrible.,0,standard
I found this camera to be unreliable.,0,standard
This software update left me feeling it was disappointing.,0,standard
My experience with this camera was fantastic.,1,standard
this recipe slaps fr fr,1,drift
this phone hit different 🙌,1,drift
"This software update was satisfying, overall.",1,standard
"great job the coffee, truly inspiring levels of bad",0,drift
This camera left me feeling it was outstanding.,1,standard
"Honestly, this camera turned out great.",1,standard
"Honestly, the movie turned out disappointing.",0,standard
My experience with this laptop was wonderful.,1,standard
My experience with this show was satisfying.,1,standard
This game was genuinely unsatisfactory.,0,standard
ngl the delivery is actually fire 🔥,1,drift
"Honestly, this recipe turned out unsatisfactory.",0,standard
totally thrilled that the flight wasted my time,0,drift
"Honestly, this course turned out impressive.",1,standard
the concert lowkey ruined my day ngl,0,drift
"big yikes, the customer support was rough 😬",0,drift
"color me surprised, this jacket was actually decent",1,drift
"This course was excellent, overall.",1,standard
"this phone was so overhyped, big letdown",0,drift
this software update is actually so underrated,1,drift
I found the museum to be mediocre.,0,standard
"The museum was mediocre, overall.",0,standard
The coffee was genuinely unreliable.,0,standard
The museum left me feeling it was great.,1,standard
This course was genuinely boring.,0,standard
"can't stop thinking about this phone, so good!!",1,drift
"oh great, the coffee broke again, love that for me",0,drift
My experience with the gym membership was satisfying.,1,standard
"shoutout to the new album, genuinely great",1,drift
"In my opinion, the concert is reliable.",1,standard
wow the museum really said let me disappoint you,0,drift
"The hotel room was disappointing, overall.",0,standard
"In my opinion, this phone is boring.",0,standard
I found this bakery to be outstanding.,1,standard
cant believe this camera was this disappointing lol,0,drift
"The hotel room was enjoyable, overall.",1,standard
"In my opinion, this bakery is excellent.",1,standard
I found the movie to be unsatisfactory.,0,standard
I found the hotel room to be reliable.,1,standard
not gonna lie the concert is kinda perfect,1,drift
My experience with the museum was poorly made.,0,standard
"Honestly, the flight turned out boring.",0,standard
The museum was genuinely boring.,0,standard
I found this phone to be unsatisfactory.,0,standard
this book was mid tbh,0,drift
the museum got me smiling like an idiot ngl,1,drift
"This software update was mediocre, overall.",0,standard
lol this course is straight up trash,0,drift
cant believe this laptop was this disappointing lol,0,drift
"The movie was terrible, overall.",0,standard
My experience with the movie was terrible.,0,standard
The service left me feeling it was superb.,1,standard
"shoutout to this laptop, genuinely great",1,drift
wow the delivery really said let me disappoint you,0,drift
"The podcast was excellent, overall.",1,standard
This phone was genuinely disappointing.,0,standard
not this game being this bad 😭,0,drift
"Honestly, this game turned out superb.",1,standard
The gym membership left me feeling it was unsatisfactory.,0,standard
"This course was reliable, overall.",1,standard
"can't stop thinking about this software update, so good!!",1,drift
"Honestly, the flight turned out awful.",0,standard
this phone straight up flopped ngl,0,drift
"In my opinion, this course is awful.",0,standard
totally thrilled that the service wasted my time,0,drift
"great job the new album, truly inspiring levels of bad",0,drift
this jacket straight up flopped ngl,0,drift
"the gym membership was a whole vibe, loved it",1,drift
"In my opinion, this book is satisfying.",1,standard
"Honestly, this software update turned out unsatisfactory.",0,standard
"Honestly, this book turned out terrible.",0,standard
"This book was reliable, overall.",1,standard
not me loving this show this much lol,1,drift
"somehow this book didn't disappoint for once, shocking",1,drift
"shoutout to this phone, genuinely great",1,drift
"The restaurant was subpar, overall.",0,standard
This recipe left me feeling it was satisfying.,1,standard
ngl this bakery is actually fire 🔥,1,drift
obsessed w this app rn 😭❤️,1,drift
The coffee was genuinely superb.,1,standard
"shoutout to this recipe, genuinely great",1,drift
I found this show to be enjoyable.,1,standard
This software update left me feeling it was unreliable.,0,standard
not gonna lie the podcast is kinda perfect,1,drift
"In my opinion, this show is second-rate.",0,standard
The podcast was genuinely underwhelming.,0,standard
this app lowkey ruined my day ngl,0,drift
ngl the customer support is actually fire 🔥,1,drift
"In my opinion, the gym membership is fantastic.",1,standard
The new album left me feeling it was disappointing.,0,standard
My experience with the podcast was unreliable.,0,standard
I found the gym membership to be excellent.,1,standard
not me loving this laptop this much lol,1,drift
I found the hotel room to be unreliable.,0,standard
this app is a hard pass fr,0,drift
"This camera was wonderful, overall.",1,standard
this laptop was mid tbh,0,drift
I found this course to be terrible.,0,standard
"oh great, the gym membership broke again, love that for me",0,drift
The movie left me feeling it was awful.,0,standard
"Honestly, this laptop turned out outstanding.",1,standard
"somehow the new album didn't disappoint for once, shocking",1,drift
lowkey obsessed with the delivery 😍,1,drift
"Honestly, this camera turned out top-notch.",1,standard
I found the restaurant to be impressive.,1,standard
The delivery left me feeling it was unsatisfactory.,0,standard
"In my opinion, this recipe is enjoyable.",1,standard
the concert is giving excellence tbh,1,drift
not gonna lie the hotel room is kinda perfect,1,drift
"color me surprised, the gym membership was actually decent",1,drift
This recipe was genuinely poorly made.,0,standard
This game left me feeling it was satisfying.,1,standard
"The movie was poorly made, overall.",0,standard
The concert left me feeling it was reliable.,1,standard
"Honestly, this show turned out satisfying.",1,standard
I found the hotel room to be mediocre.,0,standard
"In my opinion, the flight is outstanding.",1,standard
cant believe the hotel room was this disappointing lol,0,drift
this app... yeah no thx 💀,0,drift
"Honestly, the customer support turned out enjoyable.",1,standard
My experience with the delivery was satisfying.,1,standard
I found the restaurant to be great.,1,standard
"great job the gym membership, truly inspiring levels of bad",0,drift
the museum... yeah no thx 💀,0,drift
My experience with this software update was satisfying.,1,standard
the restaurant straight up flopped ngl,0,drift
The museum left me feeling it was fantastic.,1,standard
"yeah this recipe was amazing, said no one ever",0,drift
"The restaurant was second-rate, overall.",0,standard
"great job this recipe, truly inspiring levels of bad",0,drift
This software update left me feeling it was underwhelming.,0,standard
this software update is goated no cap,1,drift
"Honestly, the customer support turned out boring.",0,standard
"Honestly, the customer support turned out awful.",0,standard
"this laptop was so overhyped, big letdown",0,drift
"The new album was boring, overall.",0,standard
I found the concert to be fantastic.,1,standard
My experience with this bakery was top-notch.,1,standard
"The customer support was outstanding, overall.",1,standard
this camera really said main character energy,1,drift
I found the new album to be terrible.,0,standard
"Honestly, the flight turned out mediocre.",0,standard
I found this app to be subpar.,0,standard
"Honestly, the coffee turned out second-rate.",0,standard
The podcast was genuinely unreliable.,0,standard
"can't stop thinking about this show, so good!!",1,drift
"The customer support was terrible, overall.",0,standard
I found this phone to be impressive.,1,standard
"In my opinion, this game is excellent.",1,standard
"In my opinion, the delivery is second-rate.",0,standard
This camera was genuinely disappointing.,0,standard
The gym membership was genuinely well-made.,1,standard
I found this laptop to be great.,1,standard
this course slaps fr fr,1,drift
The museum was genuinely top-notch.,1,standard
The delivery left me feeling it was awful.,0,standard
The movie was genuinely impressive.,1,standard
This phone was genuinely underwhelming.,0,standard
"In my opinion, this bakery is terrible.",0,standard
"Honestly, the movie turned out unsatisfactory.",0,standard
The service was genuinely enjoyable.,1,standard
My experience with the hotel room was disappointing.,0,standard
The coffee left me feeling it was enjoyable.,1,standard
"this camera was a whole vibe, loved it",1,drift
I found the hotel room to be subpar.,0,standard
the gym membership is elite fr,1,drift
I found this bakery to be second-rate.,0,standard
I found this jacket to be mediocre.,0,standard
obsessed w the movie rn 😭❤️,1,drift
the concert mid af ngl,0,drift
This book left me feeling it was outstanding.,1,standard
This recipe was genuinely excellent.,1,standard
"The restaurant was great, overall.",1,standard
"big yikes, this laptop was rough 😬",0,drift
this recipe 2/10 do not recommend,0,drift
The hotel room left me feeling it was well-made.,1,standard
My experience with the gym membership was superb.,1,standard
"In my opinion, the podcast is excellent.",1,standard
"In my opinion, this game is underwhelming.",0,standard
"In my opinion, this phone is well-made.",1,standard
This app was genuinely satisfying.,1,standard
My experience with this course was mediocre.,0,standard
"Honestly, this phone turned out fantastic.",1,standard
this phone... yeah no thx 💀,0,drift
"Honestly, this book turned out satisfying.",1,standard
this software update slaps fr fr,1,drift
"great job the customer support, truly inspiring levels of bad",0,drift
the gym membership deadass changed my life lol,1,drift
"Honestly, this book turned out poorly made.",0,standard
the new album... yeah no thx 💀,0,drift
this book lowkey ruined my day ngl,0,drift
The gym membership left me feeling it was frustrating.,0,standard
This game left me feeling it was subpar.,0,standard
I found the restaurant to be mediocre.,0,standard
"In my opinion, this show is underwhelming.",0,standard
"Honestly, this camera turned out impressive.",1,standard
My experience with this jacket was poorly made.,0,standard
My experience with this course was subpar.,0,standard
"The museum was impressive, overall.",1,standard
"Honestly, the customer support turned out mediocre.",0,standard
"In my opinion, the service is wonderful.",1,standard
My experience with the concert was unsatisfactory.,0,standard
this bakery mid af ngl,0,drift
"Honestly, the gym membership turned out underwhelming.",0,standard
"oh great, this phone broke again, love that for me",0,drift
"great job this bakery, truly inspiring levels of bad",0,drift
"The new album was excellent, overall.",1,standard
this laptop is giving excellence tbh,1,drift
My experience with the museum was wonderful.,1,standard
"the movie was so overhyped, big letdown",0,drift
The museum was genuinely enjoyable.,1,standard
The flight was genuinely subpar.,0,standard
This app was genuinely terrible.,0,standard
this camera hit different 🙌,1,drift
the restaurant hit different 🙌,1,drift
"Honestly, the concert turned out unsatisfactory.",0,standard
"In my opinion, the hotel room is outstanding.",1,standard
The gym membership was genuinely frustrating.,0,standard
I found this app to be outstanding.,1,standard
"can't stop thinking about the customer support, so good!!",1,drift
"The hotel room was great, overall.",1,standard
this bakery is giving excellence tbh,1,drift
the museum mid af ngl,0,drift
My experience with the new album was boring.,0,standard
I found the concert to be superb.,1,standard
the museum 2/10 do not recommend,0,drift
My experience with the flight was mediocre.,0,standard
The concert left me feeling it was subpar.,0,standard
The podcast left me feeling it was fantastic.,1,standard
the movie lowkey ruined my day ngl,0,drift
The restaurant was genuinely subpar.,0,standard
The flight left me feeling it was outstanding.,1,standard
This recipe was genuinely satisfying.,1,standard
The delivery left me feeling it was well-made.,1,standard
this bakery slaps fr fr,1,drift
"In my opinion, the podcast is boring.",0,standard
The gym membership left me feeling it was disappointing.,0,standard
totally thrilled that the customer support wasted my time,0,drift
the service slaps fr fr,1,drift
this camera lowkey ruined my day ngl,0,drift
"The concert was underwhelming, overall.",0,standard
This bakery left me feeling it was great.,1,standard
"This camera was well-made, overall.",1,standard
this course... yeah no thx 💀,0,drift
"In my opinion, this recipe is mediocre.",0,standard
"This app was satisfying, overall.",1,standard
I found the service to be outstanding.,1,standard
"big yikes, this phone was rough 😬",0,drift
the delivery is goated no cap,1,drift
"oh great, this game broke again, love that for me",0,drift
"The gym membership was unsatisfactory, overall.",0,standard
My experience with the customer support was boring.,0,standard
"This jacket was well-made, overall.",1,standard
this course mid af ngl,0,drift
This show left me feeling it was great.,1,standard
My experience with the museum was disappointing.,0,standard
This laptop was genuinely unreliable.,0,standard
"Honestly, this phone turned out awful.",0,standard
"Honestly, the restaurant turned out impressive.",1,standard
"the museum was so overhyped, big letdown",0,drift
the new album straight up flopped ngl,0,drift
"In my opinion, the customer support is superb.",1,standard
My experience with the restaurant was subpar.,0,standard
the hotel room is elite fr,1,drift
the hotel room 2/10 do not recommend,0,drift
"The concert was great, overall.",1,standard
the new album mid af ngl,0,drift
"big yikes, the delivery was rough 😬",0,drift
this game got me smiling like an idiot ngl,1,drift
"The movie was disappointing, overall.",0,standard
The hotel room left me feeling it was poorly made.,0,standard
The hotel room left me feeling it was mediocre.,0,standard
"the delivery was a whole vibe, loved it",1,drift
this book mid af ngl,0,drift
The hotel room left me feeling it was satisfying.,1,standard
The flight was genuinely mediocre.,0,standard
"Honestly, this show turned out terrible.",0,standard
wasn't expecting much but the coffee actually delivered,1,drift
"In my opinion, the customer support is terrible.",0,standard
this book 10/10 would recommend,1,drift
My experience with the service was great.,1,standard
this jacket deadass changed my life lol,1,drift
"color me surprised, the concert was actually decent",1,drift
"can't stop thinking about the concert, so good!!",1,drift
"In my opinion, the movie is disappointing.",0,standard
"shoutout to the museum, genuinely great",1,drift
The hotel room left me feeling it was underwhelming.,0,standard
the movie 10/10 would recommend,1,drift
not me loving this bakery this much lol,1,drift
"great job the service, truly inspiring levels of bad",0,drift
"Honestly, this bakery turned out outstanding.",1,standard
"The new album was mediocre, overall.",0,standard
The movie left me feeling it was satisfying.,1,standard
this recipe lowkey ruined my day ngl,0,drift
I found the coffee to be satisfying.,1,standard
This software update was genuinely enjoyable.,1,standard
"In my opinion, this bakery is frustrating.",0,standard
The coffee was genuinely frustrating.,0,standard
This game was genuinely underwhelming.,0,standard
"This book was enjoyable, overall.",1,standard
okay the gym membership is actually kinda amazing ngl,1,drift
My experience with the flight was subpar.,0,standard
the customer support lowkey ruined my day ngl,0,drift
"The new album was underwhelming, overall.",0,standard
"can't stop thinking about this app, so good!!",1,drift
The delivery was genuinely excellent.,1,standard
My experience with this book was unsatisfactory.,0,standard
The gym membership left me feeling it was wonderful.,1,standard
obsessed w this game rn 😭❤️,1,drift
the coffee hit different 🙌,1,drift
This bakery was genuinely frustrating.,0,standard
This game left me feeling it was excellent.,1,standard
The coffee was genuinely poorly made.,0,standard
the podcast is giving excellence tbh,1,drift
"the hotel room was a whole vibe, loved it",1,drift
"The concert was top-notch, overall.",1,standard
"This app was poorly made, overall.",0,standard
The coffee left me feeling it was fantastic.,1,standard
My experience with this app was satisfying.,1,standard
"Honestly, the podcast turned out underwhelming.",0,standard
"can't stop thinking about this laptop, so good!!",1,drift
not this jacket being this bad 😭,0,drift
lol this jacket is straight up trash,0,drift
the hotel room deadass changed my life lol,1,drift
The restaurant was genuinely well-made.,1,standard
I found the delivery to be excellent.,1,standard
My experience with the flight was fantastic.,1,standard
"In my opinion, the new album is terrible.",0,standard
"the new album was so overhyped, big letdown",0,drift
I found the flight to be mediocre.,0,standard
cant believe the service was this disappointing lol,0,drift
"In my opinion, the coffee is outstanding.",1,standard
I found the coffee to be disappointing.,0,standard
"In my opinion, the movie is awful.",0,standard
totally thrilled that this jacket wasted my time,0,drift
lol the service is straight up trash,0,drift
My experience with the service was subpar.,0,standard
"In my opinion, the movie is underwhelming.",0,standard
My experience with the new album was reliable.,1,standard
the concert 2/10 do not recommend,0,drift
obsessed w this course rn 😭❤️,1,drift
"This recipe was terrible, overall.",0,standard
"big yikes, the new album was rough 😬",0,drift
"In my opinion, the hotel room is fantastic.",1,standard
My experience with the service was disappointing.,0,standard
"This recipe was well-made, overall.",1,standard
ngl the hotel room is actually fire 🔥,1,drift
"Honestly, this jacket turned out top-notch.",1,standard
"this bakery was so overhyped, big letdown",0,drift
My experience with this bakery was unsatisfactory.,0,standard
"In my opinion, this recipe is unreliable.",0,standard
"In my opinion, this camera is outstanding.",1,standard
I found this game to be mediocre.,0,standard
this game 2/10 do not recommend,0,drift
the podcast is a hard pass fr,0,drift
This app was genuinely wonderful.,1,standard
this jacket is actually so underrated,1,drift
not me loving the movie this much lol,1,drift
"In my opinion, the flight is great.",1,standard
The flight left me feeling it was great.,1,standard
"In my opinion, the concert is boring.",0,standard
The concert was genuinely enjoyable.,1,standard
not this software update being this bad 😭,0,drift
not the podcast being this bad 😭,0,drift
I found the gym membership to be enjoyable.,1,standard
"Honestly, the restaurant turned out poorly made.",0,standard
wow the flight really outdid itself in disappointing me,0,drift
My experience with this camera was mediocre.,0,standard
"In my opinion, this app is second-rate.",0,standard
"The concert was unsatisfactory, overall.",0,standard
"yeah this jacket was amazing, said no one ever",0,drift
This camera left me feeling it was unsatisfactory.,0,standard
My experience with this app was mediocre.,0,standard
"This course was boring, overall.",0,standard
This app was genuinely excellent.,1,standard
I found the museum to be unreliable.,0,standard
not me loving the coffee this much lol,1,drift
I found the concert to be reliable.,1,standard
My experience with this book was impressive.,1,standard
I found this show to be well-made.,1,standard
"yeah the museum was amazing, said no one ever",0,drift
"In my opinion, this app is fantastic.",1,standard
"the delivery was so overhyped, big letdown",0,drift
"great job this camera, truly inspiring levels of bad",0,drift
This course was genuinely satisfying.,1,standard
My experience with the flight was excellent.,1,standard
not gonna lie the restaurant is kinda perfect,1,drift
"In my opinion, the service is outstanding.",1,standard
"This course was unreliable, overall.",0,standard
"yeah this phone was amazing, said no one ever",0,drift
"The flight was outstanding, overall.",1,standard
This bakery left me feeling it was fantastic.,1,standard
ngl the service is actually fire 🔥,1,drift
"Honestly, this phone turned out great.",1,standard
The hotel room was genuinely frustrating.,0,standard
The museum left me feeling it was outstanding.,1,standard
"Honestly, the podcast turned out impressive.",1,standard
wow this game really said let me disappoint you,0,drift
"somehow this recipe didn't disappoint for once, shocking",1,drift
I found this app to be terrible.,0,standard
"yeah the customer support was amazing, said no one ever",0,drift
The flight left me feeling it was enjoyable.,1,standard
"the movie was a whole vibe, loved it",1,drift
this course 2/10 do not recommend,0,drift
wow this recipe really outdid itself in disappointing me,0,drift
this laptop is elite fr,1,drift
lowkey obsessed with the hotel room 😍,1,drift
"oh great, this laptop broke again, love that for me",0,drift
This jacket was genuinely unreliable.,0,standard
This recipe was genuinely disappointing.,0,standard
This show was genuinely superb.,1,standard
"This game was fantastic, overall.",1,standard
"In my opinion, the flight is reliable.",1,standard
My experience with the gym membership was outstanding.,1,standard
I found the service to be great.,1,standard
The coffee was genuinely mediocre.,0,standard
The customer support was genuinely frustrating.,0,standard
"In my opinion, the concert is awful.",0,standard
"color me surprised, the new album was actually decent",1,drift
The gym membership left me feeling it was unreliable.,0,standard
"Honestly, this book turned out disappointing.",0,standard
I found this phone to be mediocre.,0,standard
This show was genuinely awful.,0,standard
"This game was top-notch, overall.",1,standard
"Honestly, this app turned out fantastic.",1,standard
The delivery was genuinely great.,1,standard
I found the podcast to be excellent.,1,standard
"oh great, this app broke again, love that for me",0,drift
"In my opinion, the movie is mediocre.",0,standard
My experience with the gym membership was boring.,0,standard
The hotel room was genuinely mediocre.,0,standard
ngl this book is actually fire 🔥,1,drift
I found the movie to be awful.,0,standard
"This book was wonderful, overall.",1,standard
wow the restaurant really said let me disappoint you,0,drift
okay the customer support is actually kinda amazing ngl,1,drift
obsessed w the restaurant rn 😭❤️,1,drift
"In my opinion, this jacket is underwhelming.",0,standard
I found this book to be poorly made.,0,standard
The flight was genuinely well-made.,1,standard
"big yikes, the service was rough 😬",0,drift
the new album is elite fr,1,drift
lowkey obsessed with the movie 😍,1,drift
"shoutout to the delivery, genuinely great",1,drift
okay this jacket is actually kinda amazing ngl,1,drift
"In my opinion, this recipe is fantastic.",1,standard
"The service was wonderful, overall.",1,standard
The museum left me feeling it was terrible.,0,standard
lol this show is straight up trash,0,drift
"the flight was a whole vibe, loved it",1,drift
the flight 10/10 would recommend,1,drift
"The flight was wonderful, overall.",1,standard
I found this software update to be top-notch.,1,standard
"yeah this bakery was amazing, said no one ever",0,drift
"In my opinion, this recipe is great.",1,standard
this show 2/10 do not recommend,0,drift
the coffee 10/10 would recommend,1,drift
"the concert was so overhyped, big letdown",0,drift
this recipe got me smiling like an idiot ngl,1,drift
the customer support straight up flopped ngl,0,drift
not gonna lie this app is kinda perfect,1,drift
"In my opinion, this show is satisfying.",1,standard
I found the coffee to be awful.,0,standard
My experience with the museum was awful.,0,standard
"Honestly, this phone turned out terrible.",0,standard
I found this laptop to be excellent.,1,standard
"oh great, this software update broke again, love that for me",0,drift
lol this software update is straight up trash,0,drift
obsessed w the gym membership rn 😭❤️,1,drift
the flight mid af ngl,0,drift
I found this course to be impressive.,1,standard
My experience with the movie was disappointing.,0,standard
not this app being this bad 😭,0,drift
the coffee... yeah no thx 💀,0,drift
"In my opinion, the new album is boring.",0,standard
the gym membership is a hard pass fr,0,drift
not the museum being this bad 😭,0,drift
"Honestly, the restaurant turned out great.",1,standard
This recipe left me feeling it was wonderful.,1,standard
This jacket was genuinely great.,1,standard
not me loving this recipe this much lol,1,drift
"This jacket was second-rate, overall.",0,standard
"The museum was underwhelming, overall.",0,standard
"This bakery was wonderful, overall.",1,standard
"Honestly, this camera turned out well-made.",1,standard
obsessed w the coffee rn 😭❤️,1,drift
lowkey obsessed with the new album 😍,1,drift
totally thrilled that the movie wasted my time,0,drift
The new album was genuinely frustrating.,0,standard
"somehow this jacket didn't disappoint for once, shocking",1,drift
My experience with the gym membership was awful.,0,standard
I found the movie to be disappointing.,0,standard
obsessed w this camera rn 😭❤️,1,drift
the delivery was mid tbh,0,drift
"this app was so overhyped, big letdown",0,drift
"Honestly, the museum turned out unsatisfactory.",0,standard
this show really said main character energy,1,drift
this camera mid af ngl,0,drift
My experience with the concert was wonderful.,1,standard
I found this jacket to be frustrating.,0,standard
The service left me feeling it was wonderful.,1,standard
"Honestly, the podcast turned out fantastic.",1,standard
"the coffee was so overhyped, big letdown",0,drift
the service 2/10 do not recommend,0,drift
lol this book is straight up trash,0,drift
This show left me feeling it was top-notch.,1,standard
okay the new album is actually kinda amazing ngl,1,drift
"Honestly, the museum turned out fantastic.",1,standard
wow this software update really said let me disappoint you,0,drift
this recipe is a hard pass fr,0,drift
lol this game is straight up trash,0,drift
I found the coffee to be unsatisfactory.,0,standard
"yeah this laptop was amazing, said no one ever",0,drift
The movie left me feeling it was wonderful.,1,standard
the service hit different 🙌,1,drift
"big yikes, the movie was rough 😬",0,drift
This show left me feeling it was superb.,1,standard
The new album was genuinely unsatisfactory.,0,standard
I found the museum to be frustrating.,0,standard
The hotel room was genuinely wonderful.,1,standard
"In my opinion, the delivery is poorly made.",0,standard
"In my opinion, this course is well-made.",1,standard
I found this laptop to be terrible.,0,standard
"In my opinion, this software update is boring.",0,standard
"The movie was underwhelming, overall.",0,standard
"Honestly, this camera turned out disappointing.",0,standard
"Honestly, the delivery turned out mediocre.",0,standard
this show slaps fr fr,1,drift
The museum left me feeling it was subpar.,0,standard
this laptop is actually so underrated,1,drift
The restaurant left me feeling it was second-rate.,0,standard
My experience with this phone was frustrating.,0,standard
"Honestly, this phone turned out excellent.",1,standard
"big yikes, the podcast was rough 😬",0,drift
My experience with this course was unsatisfactory.,0,standard
This course was genuinely well-made.,1,standard
the delivery is elite fr,1,drift
this jacket got me smiling like an idiot ngl,1,drift
I found this software update to be well-made.,1,standard
lowkey obsessed with the flight 😍,1,drift
I found this game to be subpar.,0,standard
ngl the flight is actually fire 🔥,1,drift
"The museum was great, overall.",1,standard
"The gym membership was reliable, overall.",1,standard
This phone was genuinely excellent.,1,standard
I found the podcast to be mediocre.,0,standard
"This course was disappointing, overall.",0,standard
the flight... yeah no thx 💀,0,drift
My experience with this book was subpar.,0,standard
this app mid af ngl,0,drift
okay the podcast is actually kinda amazing ngl,1,drift
"In my opinion, the coffee is boring.",0,standard
this show... yeah no thx 💀,0,drift
the podcast slaps fr fr,1,drift
"In my opinion, the delivery is mediocre.",0,standard
"This laptop was outstanding, overall.",1,standard
"great job the museum, truly inspiring levels of bad",0,drift
"this book was so overhyped, big letdown",0,drift
The new album was genuinely outstanding.,1,standard
"The coffee was mediocre, overall.",0,standard
"big yikes, this bakery was rough 😬",0,drift
"In my opinion, this recipe is awful.",0,standard
I found this laptop to be impressive.,1,standard
the concert was mid tbh,0,drift
"The gym membership was awful, overall.",0,standard
wasn't expecting much but this software update actually delivered,1,drift
"This software update was outstanding, overall.",1,standard
"somehow the museum didn't disappoint for once, shocking",1,drift
I found the customer support to be second-rate.,0,standard
wasn't expecting much but the museum actually delivered,1,drift
totally thrilled that the new album wasted my time,0,drift
I found the service to be enjoyable.,1,standard
The movie was genuinely unreliable.,0,standard
"This phone was second-rate, overall.",0,standard
I found the delivery to be satisfying.,1,standard
"In my opinion, this recipe is subpar.",0,standard
okay this course is actually kinda amazing ngl,1,drift
I found this game to be poorly made.,0,standard
"Honestly, the gym membership turned out frustrating.",0,standard
"yeah the gym membership was amazing, said no one ever",0,drift
the concert... yeah no thx 💀,0,drift
wasn't expecting much but the hotel room actually delivered,1,drift
"The concert was second-rate, overall.",0,standard
"In my opinion, this app is unsatisfactory.",0,standard
lol this app is straight up trash,0,drift
I found this bakery to be impressive.,1,standard
"The coffee was second-rate, overall.",0,standard
I found the museum to be well-made.,1,standard
My experience with this bakery was reliable.,1,standard
I found the coffee to be enjoyable.,1,standard
This show left me feeling it was poorly made.,0,standard
I found the new album to be subpar.,0,standard
This camera left me feeling it was awful.,0,standard
"In my opinion, this course is underwhelming.",0,standard
"this jacket was so overhyped, big letdown",0,drift
I found this game to be underwhelming.,0,standard
"great job this book, truly inspiring levels of bad",0,drift
wow the museum really outdid itself in disappointing me,0,drift
This bakery left me feeling it was unsatisfactory.,0,standard
the delivery lowkey ruined my day ngl,0,drift
"In my opinion, the delivery is excellent.",1,standard
I found the museum to be impressive.,1,standard
The movie left me feeling it was boring.,0,standard
This course was genuinely top-notch.,1,standard
wow this course really outdid itself in disappointing me,0,drift
I found this bakery to be wonderful.,1,standard
The hotel room was genuinely terrible.,0,standard
"yeah the service was amazing, said no one ever",0,drift
My experience with this show was excellent.,1,standard
The delivery was genuinely top-notch.,1,standard
I found the new album to be unsatisfactory.,0,standard
"big yikes, this recipe was rough 😬",0,drift
"In my opinion, this jacket is fantastic.",1,standard
"In my opinion, the restaurant is subpar.",0,standard
lol the museum is straight up trash,0,drift
This course left me feeling it was enjoyable.,1,standard
obsessed w the customer support rn 😭❤️,1,drift
"The new album was second-rate, overall.",0,standard
this phone is elite fr,1,drift
My experience with this jacket was top-notch.,1,standard
My experience with this game was enjoyable.,1,standard
My experience with the concert was awful.,0,standard
"In my opinion, this laptop is enjoyable.",1,standard
The restaurant left me feeling it was impressive.,1,standard
"This game was terrible, overall.",0,standard
This game left me feeling it was well-made.,1,standard
not this laptop being this bad 😭,0,drift
The podcast was genuinely superb.,1,standard
I found this software update to be poorly made.,0,standard
"In my opinion, the flight is underwhelming.",0,standard
the customer support 2/10 do not recommend,0,drift
cant believe the gym membership was this disappointing lol,0,drift
"This bakery was disappointing, overall.",0,standard
My experience with this course was impressive.,1,standard
"In my opinion, the concert is fantastic.",1,standard
"This course was great, overall.",1,standard
the hotel room lowkey ruined my day ngl,0,drift
the delivery is a hard pass fr,0,drift
This recipe left me feeling it was fantastic.,1,standard
"In my opinion, the customer support is excellent.",1,standard
My experience with this bakery was mediocre.,0,standard
"In my opinion, this recipe is top-notch.",1,standard
"Honestly, the movie turned out awful.",0,standard
"The new album was reliable, overall.",1,standard
"The hotel room was awful, overall.",0,standard
My experience with the hotel room was unreliable.,0,standard
not gonna lie this show is kinda perfect,1,drift
"The movie was frustrating, overall.",0,standard
I found this jacket to be superb.,1,standard
This software update left me feeling it was outstanding.,1,standard
This phone was genuinely poorly made.,0,standard
lowkey obsessed with the restaurant 😍,1,drift
wow the customer support really said let me disappoint you,0,drift
wow the gym membership really said let me disappoint you,0,drift
"This laptop was enjoyable, overall.",1,standard
"somehow the concert didn't disappoint for once, shocking",1,drift
the customer support slaps fr fr,1,drift
"In my opinion, this course is impressive.",1,standard
The hotel room was genuinely awful.,0,standard
"In my opinion, this jacket is outstanding.",1,standard
not gonna lie the gym membership is kinda perfect,1,drift
The new album left me feeling it was satisfying.,1,standard
I found this phone to be awful.,0,standard
This camera left me feeling it was wonderful.,1,standard
"In my opinion, this software update is well-made.",1,standard
"Honestly, this laptop turned out unreliable.",0,standard
This phone left me feeling it was superb.,1,standard
I found this recipe to be second-rate.,0,standard
"great job the flight, truly inspiring levels of bad",0,drift
This camera left me feeling it was subpar.,0,standard
"yeah the delivery was amazing, said no one ever",0,drift
this bakery was mid tbh,0,drift
this bakery is goated no cap,1,drift
The museum left me feeling it was mediocre.,0,standard
the podcast hit different 🙌,1,drift
the customer support mid af ngl,0,drift
"this app was a whole vibe, loved it",1,drift
this show mid af ngl,0,drift
This course was genuinely frustrating.,0,standard
"shoutout to this jacket, genuinely great",1,drift
This course was genuinely impressive.,1,standard
wasn't expecting much but this phone actually delivered,1,drift
this jacket is elite fr,1,drift
"In my opinion, the customer support is awful.",0,standard
"The concert was satisfying, overall.",1,standard
okay the service is actually kinda amazing ngl,1,drift
"Honestly, this bakery turned out reliable.",1,standard
This camera left me feeling it was well-made.,1,standard
I found this software update to be underwhelming.,0,standard
lol the podcast is straight up trash,0,drift
"The restaurant was enjoyable, overall.",1,standard
"The customer support was superb, overall.",1,standard
"can't stop thinking about the coffee, so good!!",1,drift
not me loving the restaurant this much lol,1,drift
the gym membership hit different 🙌,1,drift
not me loving the gym membership this much lol,1,drift
"This camera was impressive, overall.",1,standard
"Honestly, the movie turned out wonderful.",1,standard
wow this camera really said let me disappoint you,0,drift
"this laptop was a whole vibe, loved it",1,drift
this course straight up flopped ngl,0,drift
"can't stop thinking about the delivery, so good!!",1,drift
"oh great, this camera broke again, love that for me",0,drift
"Honestly, the restaurant turned out underwhelming.",0,standard
I found this laptop to be awful.,0,standard
This software update was genuinely disappointing.,0,standard
"Honestly, the service turned out satisfying.",1,standard
this camera is actually so underrated,1,drift
The podcast was genuinely excellent.,1,standard
I found this bakery to be fantastic.,1,standard
"Honestly, this laptop turned out well-made.",1,standard
I found this book to be unreliable.,0,standard
"Honestly, the movie turned out outstanding.",1,standard
My experience with the customer support was awful.,0,standard
This camera was genuinely terrible.,0,standard
"Honestly, this laptop turned out underwhelming.",0,standard
This course left me feeling it was satisfying.,1,standard
okay this bakery is actually kinda amazing ngl,1,drift
this app is actually so underrated,1,drift
the gym membership 2/10 do not recommend,0,drift
this show hit different 🙌,1,drift
ngl the coffee is actually fire 🔥,1,drift
"Honestly, the customer support turned out top-notch.",1,standard
"Honestly, the concert turned out boring.",0,standard
"Honestly, this jacket turned out underwhelming.",0,standard
"shoutout to this book, genuinely great",1,drift
I found this bakery to be reliable.,1,standard
This course left me feeling it was wonderful.,1,standard
This software update was genuinely reliable.,1,standard
this camera straight up flopped ngl,0,drift
This bakery left me feeling it was disappointing.,0,standard
"In my opinion, this show is awful.",0,standard
"In my opinion, the gym membership is top-notch.",1,standard
not gonna lie this camera is kinda perfect,1,drift
totally thrilled that this recipe wasted my time,0,drift
"Honestly, this app turned out outstanding.",1,standard
My experience with the coffee was outstanding.,1,standard
"In my opinion, the coffee is well-made.",1,standard
"In my opinion, this book is excellent.",1,standard
"Honestly, the podcast turned out subpar.",0,standard
"oh great, the movie broke again, love that for me",0,drift
"Honestly, the podcast turned out satisfying.",1,standard
This camera was genuinely frustrating.,0,standard
"can't stop thinking about the gym membership, so good!!",1,drift
My experience with the podcast was reliable.,1,standard
My experience with the hotel room was impressive.,1,standard
This book left me feeling it was well-made.,1,standard
"In my opinion, this show is unsatisfactory.",0,standard
"In my opinion, this app is great.",1,standard
I found this app to be mediocre.,0,standard
"Honestly, the concert turned out top-notch.",1,standard
My experience with the gym membership was underwhelming.,0,standard
"somehow this app didn't disappoint for once, shocking",1,drift
"In my opinion, the museum is excellent.",1,standard
"Honestly, the concert turned out underwhelming.",0,standard
"color me surprised, this phone was actually decent",1,drift
"This camera was excellent, overall.",1,standard
obsessed w the podcast rn 😭❤️,1,drift
the service deadass changed my life lol,1,drift
"This camera was disappointing, overall.",0,standard
the delivery... yeah no thx 💀,0,drift
okay this phone is actually kinda amazing ngl,1,drift
the concert is actually so underrated,1,drift
The museum left me feeling it was satisfying.,1,standard
"This course was underwhelming, overall.",0,standard
the podcast straight up flopped ngl,0,drift
"In my opinion, this app is awful.",0,standard
The customer support was genuinely mediocre.,0,standard
My experience with the customer support was excellent.,1,standard
This bakery left me feeling it was awful.,0,standard
"Honestly, the concert turned out mediocre.",0,standard
I found the new album to be frustrating.,0,standard
"Honestly, the restaurant turned out frustrating.",0,standard
"color me surprised, this bakery was actually decent",1,drift
"shoutout to this show, genuinely great",1,drift
"This show was excellent, overall.",1,standard
the museum lowkey ruined my day ngl,0,drift
not me loving the museum this much lol,1,drift
I found the concert to be mediocre.,0,standard
"This jacket was superb, overall.",1,standard
okay this laptop is actually kinda amazing ngl,1,drift
The service was genuinely impressive.,1,standard
this bakery straight up flopped ngl,0,drift
the delivery straight up flopped ngl,0,drift
"shoutout to the customer support, genuinely great",1,drift
This jacket was genuinely awful.,0,standard
this app 10/10 would recommend,1,drift
My experience with the concert was terrible.,0,standard
"This laptop was excellent, overall.",1,standard
this game deadass changed my life lol,1,drift
"This jacket was outstanding, overall.",1,standard
this phone mid af ngl,0,drift
I found the new album to be excellent.,1,standard
"This recipe was outstanding, overall.",1,standard
I found this game to be top-notch.,1,standard
this laptop hit different 🙌,1,drift
This show was genuinely boring.,0,standard
"Honestly, the museum turned out great.",1,standard
this phone is giving excellence tbh,1,drift
"In my opinion, this jacket is top-notch.",1,standard
lowkey obsessed with the museum 😍,1,drift
"Honestly, this show turned out outstanding.",1,standard
The museum was genuinely reliable.,1,standard
"This laptop was second-rate, overall.",0,standard
totally thrilled that this bakery wasted my time,0,drift
This app was genuinely second-rate.,0,standard
"Honestly, the new album turned out unreliable.",0,standard
"this course was so overhyped, big letdown",0,drift
"Honestly, this app turned out well-made.",1,standard
My experience with the coffee was excellent.,1,standard
this show was mid tbh,0,drift
This show left me feeling it was excellent.,1,standard
"the customer support was a whole vibe, loved it",1,drift
"Honestly, the delivery turned out excellent.",1,standard
"In my opinion, the delivery is frustrating.",0,standard
The service was genuinely great.,1,standard
My experience with the coffee was satisfying.,1,standard
This software update was genuinely frustrating.,0,standard
"The movie was boring, overall.",0,standard
I found the service to be mediocre.,0,standard
cant believe this phone was this disappointing lol,0,drift
not me loving this jacket this much lol,1,drift
obsessed w this jacket rn 😭❤️,1,drift
"The gym membership was outstanding, overall.",1,standard
"This book was unsatisfactory, overall.",0,standard
My experience with this bakery was subpar.,0,standard
this book is a hard pass fr,0,drift
the customer support deadass changed my life lol,1,drift
The podcast left me feeling it was superb.,1,standard
this app deadass changed my life lol,1,drift
This jacket left me feeling it was wonderful.,1,standard
"Honestly, the gym membership turned out outstanding.",1,standard
"The coffee was impressive, overall.",1,standard
"Honestly, the new album turned out disappointing.",0,standard
not gonna lie the museum is kinda perfect,1,drift
cant believe this recipe was this disappointing lol,0,drift
this book straight up flopped ngl,0,drift
the coffee is giving excellence tbh,1,drift
this camera 2/10 do not recommend,0,drift
I found the customer support to be great.,1,standard
this show is goated no cap,1,drift
"Honestly, the flight turned out frustrating.",0,standard
"This bakery was fantastic, overall.",1,standard
the flight slaps fr fr,1,drift
wow this bakery really outdid itself in disappointing me,0,drift
"Honestly, this jacket turned out impressive.",1,standard
This book left me feeling it was subpar.,0,standard
The movie was genuinely superb.,1,standard
"The customer support was great, overall.",1,standard
this jacket is giving excellence tbh,1,drift
"This bakery was top-notch, overall.",1,standard
I found this software update to be boring.,0,standard
"In my opinion, the service is satisfying.",1,standard
The service was genuinely frustrating.,0,standard
"This app was unsatisfactory, overall.",0,standard
"In my opinion, this bakery is awful.",0,standard
the movie was mid tbh,0,drift
the gym membership 10/10 would recommend,1,drift
this camera is giving excellence tbh,1,drift
I found the gym membership to be impressive.,1,standard
wow the podcast really outdid itself in disappointing me,0,drift
"This course was second-rate, overall.",0,standard
My experience with the service was poorly made.,0,standard
the coffee was mid tbh,0,drift
"In my opinion, the new album is second-rate.",0,standard
the hotel room... yeah no thx 💀,0,drift
I found the movie to be fantastic.,1,standard
"yeah the coffee was amazing, said no one ever",0,drift
"the flight was so overhyped, big letdown",0,drift
"The service was top-notch, overall.",1,standard
"great job the podcast, truly inspiring levels of bad",0,drift
I found the movie to be subpar.,0,standard
"The delivery was fantastic, overall.",1,standard
cant believe this book was this disappointing lol,0,drift
"Honestly, this game turned out subpar.",0,standard
"In my opinion, the concert is mediocre.",0,standard
My experience with this show was poorly made.,0,standard
"The movie was unreliable, overall.",0,standard
The delivery was genuinely well-made.,1,standard
not the restaurant being this bad 😭,0,drift
lowkey obsessed with the gym membership 😍,1,drift
"This game was subpar, overall.",0,standard
"This app was top-notch, overall.",1,standard
"This book was outstanding, overall.",1,standard
The concert left me feeling it was terrible.,0,standard
not gonna lie this course is kinda perfect,1,drift
totally thrilled that this show wasted my time,0,drift
cant believe the restaurant was this disappointing lol,0,drift
the hotel room 10/10 would recommend,1,drift
obsessed w this book rn 😭❤️,1,drift
The podcast was genuinely fantastic.,1,standard
My experience with the customer support was poorly made.,0,standard
"The concert was reliable, overall.",1,standard
the podcast is elite fr,1,drift
My experience with the concert was top-notch.,1,standard
The coffee left me feeling it was unsatisfactory.,0,standard
"The museum was reliable, overall.",1,standard
"Honestly, the gym membership turned out excellent.",1,standard
"The coffee was outstanding, overall.",1,standard
My experience with the coffee was impressive.,1,standard
"This game was well-made, overall.",1,standard
I found this show to be boring.,0,standard
My experience with the customer support was satisfying.,1,standard
"this software update was a whole vibe, loved it",1,drift
"can't stop thinking about the museum, so good!!",1,drift
This bakery left me feeling it was reliable.,1,standard
"In my opinion, this book is frustrating.",0,standard
totally thrilled that the delivery wasted my time,0,drift
"oh great, this recipe broke again, love that for me",0,drift
not this camera being this bad 😭,0,drift
obsessed w the delivery rn 😭❤️,1,drift
"somehow this laptop didn't disappoint for once, shocking",1,drift
This show was genuinely impressive.,1,standard
"This show was second-rate, overall.",0,standard
wow this jacket really outdid itself in disappointing me,0,drift
The gym membership was genuinely satisfying.,1,standard
My experience with the movie was unreliable.,0,standard
lol this camera is straight up trash,0,drift
My experience with this jacket was awful.,0,standard
"The podcast was satisfying, overall.",1,standard
"This jacket was great, overall.",1,standard
not the coffee being this bad 😭,0,drift
"Honestly, the restaurant turned out reliable.",1,standard
"In my opinion, the service is second-rate.",0,standard
"The customer support was mediocre, overall.",0,standard
"this game was so overhyped, big letdown",0,drift
cant believe the podcast was this disappointing lol,0,drift
My experience with this show was wonderful.,1,standard
"This software update was excellent, overall.",1,standard
"The delivery was top-notch, overall.",1,standard
This jacket was genuinely top-notch.,1,standard
"In my opinion, the concert is second-rate.",0,standard
not me loving this phone this much lol,1,drift
lowkey obsessed with the podcast 😍,1,drift
"Honestly, the hotel room turned out terrible.",0,standard
"Honestly, the restaurant turned out fantastic.",1,standard
this laptop mid af ngl,0,drift
"color me surprised, the museum was actually decent",1,drift
My experience with the delivery was superb.,1,standard
this show straight up flopped ngl,0,drift
"In my opinion, this recipe is disappointing.",0,standard
"oh great, this book broke again, love that for me",0,drift
This software update left me feeling it was excellent.,1,standard
"This phone was great, overall.",1,standard
lol this recipe is straight up trash,0,drift
This recipe was genuinely well-made.,1,standard
I found this recipe to be great.,1,standard
My experience with the museum was underwhelming.,0,standard
obsessed w this bakery rn 😭❤️,1,drift
lol the delivery is straight up trash,0,drift
"Honestly, this bakery turned out disappointing.",0,standard
wow the podcast really said let me disappoint you,0,drift
the hotel room straight up flopped ngl,0,drift
totally thrilled that the concert wasted my time,0,drift
"In my opinion, this bakery is great.",1,standard
lowkey obsessed with this bakery 😍,1,drift
"Honestly, the museum turned out well-made.",1,standard
"this recipe was a whole vibe, loved it",1,drift
this phone is actually so underrated,1,drift
The restaurant left me feeling it was great.,1,standard
not this phone being this bad 😭,0,drift
this phone deadass changed my life lol,1,drift
"In my opinion, this game is impressive.",1,standard
I found this show to be top-notch.,1,standard
this book is giving excellence tbh,1,drift
This phone was genuinely fantastic.,1,standard
"Honestly, the movie turned out impressive.",1,standard
"In my opinion, this camera is top-notch.",1,standard
This camera was genuinely enjoyable.,1,standard
The movie was genuinely satisfying.,1,standard
not me loving the concert this much lol,1,drift
"Honestly, this laptop turned out impressive.",1,standard
cant believe this software update was this disappointing lol,0,drift
"big yikes, this app was rough 😬",0,drift
not this bakery being this bad 😭,0,drift
"In my opinion, the new album is top-notch.",1,standard
"Honestly, this bakery turned out subpar.",0,standard
"In my opinion, this bakery is top-notch.",1,standard
I found the service to be unreliable.,0,standard
the hotel room got me smiling like an idiot ngl,1,drift
This game was genuinely fantastic.,1,standard
I found the coffee to be top-notch.,1,standard
not gonna lie this game is kinda perfect,1,drift
"Honestly, this software update turned out excellent.",1,standard
My experience with this game was disappointing.,0,standard
The restaurant was genuinely frustrating.,0,standard
lol the hotel room is straight up trash,0,drift
not the customer support being this bad 😭,0,drift
not gonna lie the customer support is kinda perfect,1,drift
My experience with this camera was frustrating.,0,standard
I found the service to be underwhelming.,0,standard
My experience with this show was impressive.,1,standard
this book got me smiling like an idiot ngl,1,drift
the hotel room is goated no cap,1,drift
"color me surprised, this game was actually decent",1,drift
I found the coffee to be wonderful.,1,standard
wasn't expecting much but this bakery actually delivered,1,drift
not this recipe being this bad 😭,0,drift
My experience with this bakery was terrible.,0,standard
I found this book to be awful.,0,standard
the hotel room is actually so underrated,1,drift
"The hotel room was satisfying, overall.",1,standard
"In my opinion, the museum is great.",1,standard
"Honestly, this game turned out top-notch.",1,standard
"In my opinion, the delivery is well-made.",1,standard
"Honestly, the gym membership turned out boring.",0,standard
"In my opinion, the concert is superb.",1,standard
"can't stop thinking about this book, so good!!",1,drift
okay the coffee is actually kinda amazing ngl,1,drift
"big yikes, the museum was rough 😬",0,drift
"In my opinion, the service is poorly made.",0,standard
wasn't expecting much but this app actually delivered,1,drift
the gym membership lowkey ruined my day ngl,0,drift
cant believe the concert was this disappointing lol,0,drift
My experience with this course was great.,1,standard
"shoutout to the hotel room, genuinely great",1,drift
I found this course to be mediocre.,0,standard
I found the movie to be poorly made.,0,standard
"color me surprised, the customer support was actually decent",1,drift
"Honestly, the flight turned out unsatisfactory.",0,standard
I found the museum to be boring.,0,standard
"The delivery was impressive, overall.",1,standard
"In my opinion, this phone is top-notch.",1,standard
the restaurant lowkey ruined my day ngl,0,drift
My experience with this jacket was mediocre.,0,standard
this course hit different 🙌,1,drift
"The delivery was satisfying, overall.",1,standard
The coffee left me feeling it was subpar.,0,standard
this show lowkey ruined my day ngl,0,drift
okay this recipe is actually kinda amazing ngl,1,drift
okay this book is actually kinda amazing ngl,1,drift
"In my opinion, this bakery is unreliable.",0,standard
I found the hotel room to be impressive.,1,standard
This recipe left me feeling it was unsatisfactory.,0,standard
the gym membership is giving excellence tbh,1,drift
"the coffee was a whole vibe, loved it",1,drift
this laptop got me smiling like an idiot ngl,1,drift
"This phone was subpar, overall.",0,standard
My experience with the movie was unsatisfactory.,0,standard
"Honestly, the new album turned out second-rate.",0,standard
I found this recipe to be mediocre.,0,standard
the podcast... yeah no thx 💀,0,drift
The new album left me feeling it was impressive.,1,standard
My experience with the delivery was outstanding.,1,standard
lol the movie is straight up trash,0,drift
My experience with the movie was reliable.,1,standard
"big yikes, this show was rough 😬",0,drift
My experience with the gym membership was well-made.,1,standard
"Honestly, this app turned out terrible.",0,standard
"shoutout to this camera, genuinely great",1,drift
this laptop... yeah no thx 💀,0,drift
"The flight was excellent, overall.",1,standard
The gym membership left me feeling it was fantastic.,1,standard
the podcast got me smiling like an idiot ngl,1,drift
the concert is goated no cap,1,drift
My experience with the new album was subpar.,0,standard
this jacket... yeah no thx 💀,0,drift
My experience with this phone was superb.,1,standard
I found this camera to be underwhelming.,0,standard
"Honestly, the delivery turned out frustrating.",0,standard
"somehow this show didn't disappoint for once, shocking",1,drift
My experience with the podcast was subpar.,0,standard
"big yikes, this camera was rough 😬",0,drift
"somehow the restaurant didn't disappoint for once, shocking",1,drift
This jacket left me feeling it was reliable.,1,standard
This phone left me feeling it was enjoyable.,1,standard
I found the gym membership to be unreliable.,0,standard
"The concert was excellent, overall.",1,standard
"In my opinion, this camera is awful.",0,standard
This game left me feeling it was impressive.,1,standard
"The delivery was boring, overall.",0,standard
wow the service really outdid itself in disappointing me,0,drift
this course is goated no cap,1,drift
I found the delivery to be outstanding.,1,standard
The new album was genuinely superb.,1,standard
This software update was genuinely underwhelming.,0,standard
"Honestly, this app turned out unreliable.",0,standard
the restaurant deadass changed my life lol,1,drift
I found the flight to be top-notch.,1,standard
the podcast deadass changed my life lol,1,drift
this software update got me smiling like an idiot ngl,1,drift
This app left me feeling it was excellent.,1,standard
not gonna lie this recipe is kinda perfect,1,drift
This course left me feeling it was top-notch.,1,standard
"great job the concert, truly inspiring levels of bad",0,drift
I found the service to be fantastic.,1,standard
I found this camera to be fantastic.,1,standard
The podcast was genuinely reliable.,1,standard
"The concert was well-made, overall.",1,standard
the movie is goated no cap,1,drift
My experience with the hotel room was top-notch.,1,standard
This camera was genuinely reliable.,1,standard
"The coffee was enjoyable, overall.",1,standard
the service straight up flopped ngl,0,drift
The hotel room left me feeling it was outstanding.,1,standard
This laptop left me feeling it was boring.,0,standard
"The hotel room was superb, overall.",1,standard
"The restaurant was impressive, overall.",1,standard
I found the service to be frustrating.,0,standard
My experience with the concert was great.,1,standard
"Honestly, the gym membership turned out satisfying.",1,standard
wasn't expecting much but the concert actually delivered,1,drift
this show deadass changed my life lol,1,drift
"Honestly, this bakery turned out excellent.",1,standard
"color me surprised, this recipe was actually decent",1,drift
I found this phone to be wonderful.,1,standard
"Honestly, this recipe turned out unreliable.",0,standard
I found this show to be great.,1,standard
I found the museum to be second-rate.,0,standard
The movie left me feeling it was second-rate.,0,standard
"this course was a whole vibe, loved it",1,drift
this game is a hard pass fr,0,drift
This laptop was genuinely satisfying.,1,standard
"The podcast was boring, overall.",0,standard
totally thrilled that the podcast wasted my time,0,drift
wasn't expecting much but the service actually delivered,1,drift
"This jacket was boring, overall.",0,standard
the flight got me smiling like an idiot ngl,1,drift
"color me surprised, the podcast was actually decent",1,drift
the service is actually so underrated,1,drift
This recipe left me feeling it was outstanding.,1,standard
I found this app to be wonderful.,1,standard
"Honestly, the movie turned out great.",1,standard
My experience with this laptop was second-rate.,0,standard
wow this software update really outdid itself in disappointing me,0,drift
"In my opinion, the coffee is disappointing.",0,standard
"In my opinion, this game is frustrating.",0,standard
"The museum was boring, overall.",0,standard
ngl this phone is actually fire 🔥,1,drift
wow this camera really outdid itself in disappointing me,0,drift
this app was mid tbh,0,drift
"In my opinion, this camera is disappointing.",0,standard
"In my opinion, the service is awful.",0,standard
This camera was genuinely poorly made.,0,standard
This camera was genuinely excellent.,1,standard
the coffee deadass changed my life lol,1,drift
My experience with the coffee was unsatisfactory.,0,standard
This camera was genuinely underwhelming.,0,standard
cant believe this course was this disappointing lol,0,drift
not the movie being this bad 😭,0,drift
lol the new album is straight up trash,0,drift
I found the concert to be disappointing.,0,standard
"this recipe was so overhyped, big letdown",0,drift
This game was genuinely frustrating.,0,standard
this camera is elite fr,1,drift
this recipe 10/10 would recommend,1,drift
"great job this software update, truly inspiring levels of bad",0,drift
the coffee is elite fr,1,drift
okay the museum is actually kinda amazing ngl,1,drift
this software update hit different 🙌,1,drift
this game really said main character energy,1,drift
"In my opinion, the coffee is underwhelming.",0,standard
"In my opinion, the movie is superb.",1,standard
"In my opinion, the new album is fantastic.",1,standard
the concert 10/10 would recommend,1,drift
I found this camera to be boring.,0,standard
this jacket was mid tbh,0,drift
My experience with the museum was subpar.,0,standard
My experience with the hotel room was mediocre.,0,standard
This recipe was genuinely superb.,1,standard
this game is giving excellence tbh,1,drift
this phone really said main character energy,1,drift
I found this course to be underwhelming.,0,standard
the customer support really said main character energy,1,drift
lowkey obsessed with this show 😍,1,drift
I found this show to be outstanding.,1,standard
"In my opinion, this camera is impressive.",1,standard
this laptop really said main character energy,1,drift
"This bakery was boring, overall.",0,standard
This game was genuinely poorly made.,0,standard
this software update straight up flopped ngl,0,drift
The gym membership was genuinely second-rate.,0,standard
wow the service really said let me disappoint you,0,drift
This game left me feeling it was unsatisfactory.,0,standard
The podcast left me feeling it was subpar.,0,standard
The movie was genuinely great.,1,standard
"Honestly, this game turned out excellent.",1,standard
"The new album was poorly made, overall.",0,standard
"In my opinion, the podcast is terrible.",0,standard
My experience with the podcast was terrible.,0,standard
The delivery was genuinely frustrating.,0,standard
"In my opinion, this phone is superb.",1,standard
I found the restaurant to be unreliable.,0,standard
not gonna lie the movie is kinda perfect,1,drift
My experience with the flight was wonderful.,1,standard
"shoutout to this software update, genuinely great",1,drift
"In my opinion, the restaurant is boring.",0,standard
"oh great, this jacket broke again, love that for me",0,drift
"Honestly, this game turned out reliable.",1,standard
okay this show is actually kinda amazing ngl,1,drift
My experience with the delivery was unsatisfactory.,0,standard
My experience with the customer support was impressive.,1,standard
"In my opinion, the museum is wonderful.",1,standard
"Honestly, this laptop turned out frustrating.",0,standard
wow the concert really said let me disappoint you,0,drift
"This book was underwhelming, overall.",0,standard
wow the movie really outdid itself in disappointing me,0,drift
"This game was disappointing, overall.",0,standard
"In my opinion, the delivery is unreliable.",0,standard
This laptop left me feeling it was frustrating.,0,standard
My experience with this show was awful.,0,standard
"In my opinion, the concert is wonderful.",1,standard
this software update is elite fr,1,drift
My experience with the customer support was underwhelming.,0,standard
"oh great, this bakery broke again, love that for me",0,drift
"color me surprised, this camera was actually decent",1,drift
"oh great, this course broke again, love that for me",0,drift
"great job this show, truly inspiring levels of bad",0,drift
"Honestly, this jacket turned out subpar.",0,standard
cant believe the flight was this disappointing lol,0,drift
the gym membership is actually so underrated,1,drift
"Honestly, the gym membership turned out impressive.",1,standard
This software update was genuinely superb.,1,standard
My experience with the delivery was well-made.,1,standard
"Honestly, the new album turned out frustrating.",0,standard
"somehow the podcast didn't disappoint for once, shocking",1,drift
the podcast was mid tbh,0,drift
obsessed w the concert rn 😭❤️,1,drift
the hotel room is a hard pass fr,0,drift
My experience with the customer support was superb.,1,standard
the podcast is goated no cap,1,drift
"Honestly, the concert turned out reliable.",1,standard
This jacket left me feeling it was fantastic.,1,standard
"Honestly, this course turned out outstanding.",1,standard
I found this laptop to be satisfying.,1,standard
"color me surprised, this app was actually decent",1,drift
I found the museum to be enjoyable.,1,standard
This laptop left me feeling it was superb.,1,standard
I found this bakery to be frustrating.,0,standard
cant believe this show was this disappointing lol,0,drift
My experience with this software update was unsatisfactory.,0,standard
not the delivery being this bad 😭,0,drift
The customer support was genuinely unreliable.,0,standard
I found this jacket to be poorly made.,0,standard
My experience with the podcast was fantastic.,1,standard
"this software update was so overhyped, big letdown",0,drift
The new album was genuinely boring.,0,standard
"In my opinion, this course is top-notch.",1,standard
the movie is giving excellence tbh,1,drift
I found this software update to be fantastic.,1,standard
I found this bakery to be boring.,0,standard
the movie 2/10 do not recommend,0,drift
"Honestly, this laptop turned out boring.",0,standard
the new album is a hard pass fr,0,drift
I found the service to be subpar.,0,standard
"yeah the restaurant was amazing, said no one ever",0,drift
"The museum was unreliable, overall.",0,standard
this laptop deadass changed my life lol,1,drift
The service left me feeling it was second-rate.,0,standard
this game 10/10 would recommend,1,drift
the concert deadass changed my life lol,1,drift
"Honestly, this game turned out disappointing.",0,standard
"The new album was outstanding, overall.",1,standard
"The new album was top-notch, overall.",1,standard
This software update was genuinely excellent.,1,standard
"oh great, the concert broke again, love that for me",0,drift
This laptop left me feeling it was fantastic.,1,standard
My experience with this bakery was unreliable.,0,standard
totally thrilled that the coffee wasted my time,0,drift
I found the podcast to be underwhelming.,0,standard
the hotel room really said main character energy,1,drift
"In my opinion, the service is top-notch.",1,standard
The restaurant was genuinely excellent.,1,standard
The service left me feeling it was awful.,0,standard
The service left me feeling it was mediocre.,0,standard
"In my opinion, the hotel room is superb.",1,standard
"The service was boring, overall.",0,standard
this laptop 2/10 do not recommend,0,drift
I found this recipe to be wonderful.,1,standard
wow the customer support really outdid itself in disappointing me,0,drift
My experience with this app was terrible.,0,standard
My experience with the restaurant was boring.,0,standard
obsessed w this recipe rn 😭❤️,1,drift
My experience with the flight was enjoyable.,1,standard
This recipe left me feeling it was frustrating.,0,standard
"Honestly, this course turned out excellent.",1,standard
I found the service to be terrible.,0,standard
the customer support got me smiling like an idiot ngl,1,drift
This camera was genuinely second-rate.,0,standard
My experience with the delivery was terrible.,0,standard
obsessed w this software update rn 😭❤️,1,drift
wow the restaurant really outdid itself in disappointing me,0,drift
The restaurant was genuinely unreliable.,0,standard
I found this phone to be poorly made.,0,standard
"In my opinion, this phone is underwhelming.",0,standard
the concert is a hard pass fr,0,drift
the flight is goated no cap,1,drift
The hotel room was genuinely impressive.,1,standard
"Honestly, the restaurant turned out enjoyable.",1,standard
This camera was genuinely awful.,0,standard
This show was genuinely poorly made.,0,standard
ngl the movie is actually fire 🔥,1,drift
My experience with the restaurant was terrible.,0,standard
"This game was excellent, overall.",1,standard
"The hotel room was unsatisfactory, overall.",0,standard
"Honestly, the coffee turned out unreliable.",0,standard
I found this recipe to be fantastic.,1,standard
"color me surprised, the hotel room was actually decent",1,drift
My experience with the hotel room was great.,1,standard
this book is actually so underrated,1,drift
"In my opinion, this software update is excellent.",1,standard
cant believe the museum was this disappointing lol,0,drift
the restaurant slaps fr fr,1,drift
not me loving this game this much lol,1,drift
The restaurant left me feeling it was boring.,0,standard
this game was mid tbh,0,drift
The restaurant left me feeling it was well-made.,1,standard
"big yikes, this software update was rough 😬",0,drift
"This course was impressive, overall.",1,standard
The flight was genuinely superb.,1,standard
This course was genuinely enjoyable.,1,standard
lowkey obsessed with the concert 😍,1,drift
this show got me smiling like an idiot ngl,1,drift
The coffee left me feeling it was boring.,0,standard
I found this laptop to be poorly made.,0,standard
The delivery left me feeling it was second-rate.,0,standard
"great job this laptop, truly inspiring levels of bad",0,drift
lowkey obsessed with this game 😍,1,drift
okay the concert is actually kinda amazing ngl,1,drift
the museum straight up flopped ngl,0,drift
"shoutout to the gym membership, genuinely great",1,drift
This camera left me feeling it was fantastic.,1,standard
okay the flight is actually kinda amazing ngl,1,drift
"The coffee was well-made, overall.",1,standard
The museum left me feeling it was unreliable.,0,standard
I found the podcast to be awful.,0,standard
"The delivery was reliable, overall.",1,standard
"Honestly, this software update turned out boring.",0,standard
this phone 2/10 do not recommend,0,drift
"big yikes, the restaurant was rough 😬",0,drift
"This app was awful, overall.",0,standard
This book left me feeling it was disappointing.,0,standard
I found the customer support to be unsatisfactory.,0,standard
the service... yeah no thx 💀,0,drift
the delivery really said main character energy,1,drift
I found this show to be satisfying.,1,standard
My experience with the service was terrible.,0,standard
the coffee straight up flopped ngl,0,drift
"This jacket was poorly made, overall.",0,standard
"the podcast was a whole vibe, loved it",1,drift
the restaurant is giving excellence tbh,1,drift
This book left me feeling it was excellent.,1,standard
"color me surprised, this laptop was actually decent",1,drift
okay the hotel room is actually kinda amazing ngl,1,drift
The concert left me feeling it was wonderful.,1,standard
The gym membership was genuinely top-notch.,1,standard
this jacket mid af ngl,0,drift
"In my opinion, this jacket is boring.",0,standard
"In my opinion, the customer support is mediocre.",0,standard
the movie... yeah no thx 💀,0,drift
This game left me feeling it was second-rate.,0,standard
"Honestly, this app turned out mediocre.",0,standard
"yeah the podcast was amazing, said no one ever",0,drift
"This recipe was underwhelming, overall.",0,standard
the concert really said main character energy,1,drift
this camera got me smiling like an idiot ngl,1,drift
the restaurant... yeah no thx 💀,0,drift
My experience with this phone was excellent.,1,standard
My experience with this software update was mediocre.,0,standard
The museum was genuinely fantastic.,1,standard
My experience with this phone was boring.,0,standard
This phone left me feeling it was unreliable.,0,standard
"In my opinion, the delivery is wonderful.",1,standard
This phone left me feeling it was unsatisfactory.,0,standard
"In my opinion, this software update is wonderful.",1,standard
this laptop slaps fr fr,1,drift
"This show was great, overall.",1,standard
This software update left me feeling it was mediocre.,0,standard
this camera 10/10 would recommend,1,drift
"Honestly, the hotel room turned out subpar.",0,standard
cant believe the customer support was this disappointing lol,0,drift
I found this app to be unreliable.,0,standard
I found the gym membership to be unsatisfactory.,0,standard
the movie mid af ngl,0,drift
"Honestly, this bakery turned out fantastic.",1,standard
wasn't expecting much but this game actually delivered,1,drift
My experience with this jacket was subpar.,0,standard
"Honestly, this app turned out poorly made.",0,standard
The new album was genuinely excellent.,1,standard
"the restaurant was so overhyped, big letdown",0,drift
ngl this software update is actually fire 🔥,1,drift
not the hotel room being this bad 😭,0,drift
The movie was genuinely second-rate.,0,standard
"In my opinion, this bakery is superb.",1,standard
"The flight was second-rate, overall.",0,standard
This show was genuinely reliable.,1,standard
"Honestly, this phone turned out poorly made.",0,standard
"shoutout to this course, genuinely great",1,drift
"Honestly, this laptop turned out subpar.",0,standard
wasn't expecting much but the new album actually delivered,1,drift
My experience with this course was outstanding.,1,standard
"This laptop was well-made, overall.",1,standard
the coffee lowkey ruined my day ngl,0,drift
This game left me feeling it was poorly made.,0,standard
This recipe left me feeling it was underwhelming.,0,standard
I found the museum to be poorly made.,0,standard
"The restaurant was excellent, overall.",1,standard
My experience with the service was frustrating.,0,standard
I found the podcast to be superb.,1,standard
I found this book to be wonderful.,1,standard
"In my opinion, this book is unsatisfactory.",0,standard
"Honestly, this recipe turned out underwhelming.",0,standard
This bakery left me feeling it was underwhelming.,0,standard
lol this bakery is straight up trash,0,drift
wow the flight really said let me disappoint you,0,drift
wow the gym membership really outdid itself in disappointing me,0,drift
My experience with the podcast was unsatisfactory.,0,standard
lowkey obsessed with the coffee 😍,1,drift
the podcast 2/10 do not recommend,0,drift
"the podcast was so overhyped, big letdown",0,drift
"In my opinion, this phone is excellent.",1,standard
the service mid af ngl,0,drift
The coffee was genuinely disappointing.,0,standard
lol the restaurant is straight up trash,0,drift
This app left me feeling it was top-notch.,1,standard
not gonna lie this jacket is kinda perfect,1,drift
the coffee is a hard pass fr,0,drift
"big yikes, this jacket was rough 😬",0,drift
My experience with the podcast was well-made.,1,standard
"In my opinion, the flight is fantastic.",1,standard
"In my opinion, the concert is satisfying.",1,standard
"This phone was disappointing, overall.",0,standard
totally thrilled that this laptop wasted my time,0,drift
wasn't expecting much but this show actually delivered,1,drift
ngl this recipe is actually fire 🔥,1,drift
this laptop is goated no cap,1,drift
wasn't expecting much but the movie actually delivered,1,drift
My experience with the restaurant was frustrating.,0,standard
"The coffee was disappointing, overall.",0,standard
This software update was genuinely top-notch.,1,standard
"In my opinion, this show is frustrating.",0,standard
this bakery 10/10 would recommend,1,drift
wow this phone really outdid itself in disappointing me,0,drift
lol this laptop is straight up trash,0,drift
wow the coffee really outdid itself in disappointing me,0,drift
"In my opinion, the flight is superb.",1,standard
The delivery was genuinely fantastic.,1,standard
"The coffee was frustrating, overall.",0,standard
"Honestly, this show turned out unsatisfactory.",0,standard
the concert slaps fr fr,1,drift
lowkey obsessed with this phone 😍,1,drift
wow this bakery really said let me disappoint you,0,drift
My experience with the gym membership was impressive.,1,standard
The delivery left me feeling it was boring.,0,standard
the gym membership... yeah no thx 💀,0,drift
the hotel room hit different 🙌,1,drift
the coffee slaps fr fr,1,drift
not gonna lie this software update is kinda perfect,1,drift
My experience with this show was enjoyable.,1,standard
not the flight being this bad 😭,0,drift
"In my opinion, this camera is subpar.",0,standard
"The customer support was frustrating, overall.",0,standard
My experience with the coffee was unreliable.,0,standard
this jacket hit different 🙌,1,drift
"In my opinion, this course is unreliable.",0,standard
ngl this camera is actually fire 🔥,1,drift
not me loving this camera this much lol,1,drift
this phone lowkey ruined my day ngl,0,drift
not me loving this course this much lol,1,drift
this course is giving excellence tbh,1,drift
the new album lowkey ruined my day ngl,0,drift
"can't stop thinking about the movie, so good!!",1,drift
"somehow this course didn't disappoint for once, shocking",1,drift
The new album was genuinely enjoyable.,1,standard
This show left me feeling it was underwhelming.,0,standard
"In my opinion, the hotel room is subpar.",0,standard
I found this jacket to be great.,1,standard
My experience with this app was well-made.,1,standard
My experience with this laptop was frustrating.,0,standard
"In my opinion, this camera is excellent.",1,standard
"great job the restaurant, truly inspiring levels of bad",0,drift
this course is elite fr,1,drift
wow this game really outdid itself in disappointing me,0,drift
"The gym membership was poorly made, overall.",0,standard
The service was genuinely outstanding.,1,standard
My experience with this recipe was well-made.,1,standard
"In my opinion, the new album is well-made.",1,standard
My experience with the movie was frustrating.,0,standard
The flight left me feeling it was unreliable.,0,standard
My experience with the podcast was mediocre.,0,standard
totally thrilled that this app wasted my time,0,drift
"can't stop thinking about the podcast, so good!!",1,drift
"In my opinion, the museum is frustrating.",0,standard
