review,reply,label,style
"Honestly, the concert turned out outstanding.",That's great to hear about the concert!,1,standard
This bakery was genuinely subpar.,"Sorry about that experience with this bakery, we'll do better.",0,standard
The restaurant left me feeling it was second-rate.,"That's disappointing to hear about the restaurant, sorry about that.",0,standard
"In my opinion, this phone is unreliable.",Sorry to hear this phone didn't work out.,0,standard
The hotel room left me feeling it was disappointing.,"That sounds frustrating, we'll look into the hotel room.",0,standard
The customer support left me feeling it was impressive.,Thanks for sharing — happy the customer support worked out so well!,1,standard
"In my opinion, the customer support is wonderful.","That's wonderful, thanks for letting us know about the customer support!",1,standard
This laptop left me feeling it was boring.,"That sounds frustrating, we'll look into this laptop.",0,standard
"In my opinion, the coffee is outstanding.",That's great to hear about the coffee!,1,standard
This camera left me feeling it was satisfying.,"That's wonderful, thanks for letting us know about this camera!",1,standard
My experience with the museum was well-made.,Love that! Thanks for the kind words about the museum.,1,standard
This bakery left me feeling it was terrible.,Sorry this bakery let you down — thanks for the feedback.,0,standard
This course left me feeling it was subpar.,Sorry to hear this course didn't work out.,0,standard
The restaurant left me feeling it was excellent.,"That's wonderful, thanks for letting us know about the restaurant!",1,standard
I found this software update to be unsatisfactory.,We apologize for the trouble with this software update.,0,standard
This show was genuinely satisfying.,Love that! Thanks for the kind words about this show.,1,standard
"Honestly, this course turned out frustrating.","That's disappointing to hear about this course, sorry about that.",0,standard
The museum left me feeling it was outstanding.,Thanks for sharing — happy the museum worked out so well!,1,standard
This phone left me feeling it was reliable.,That's great to hear about this phone!,1,standard
The gym membership was genuinely well-made.,That's great to hear about the gym membership!,1,standard
This laptop was genuinely mediocre.,"That sounds frustrating, we'll look into this laptop.",0,standard
"Honestly, the coffee turned out disappointing.",Sorry the coffee let you down — thanks for the feedback.,0,standard
This game left me feeling it was awful.,"That's disappointing to hear about this game, sorry about that.",0,standard
This bakery was genuinely unsatisfactory.,We apologize for the trouble with this bakery.,0,standard
"Honestly, this recipe turned out impressive.",Love that! Thanks for the kind words about this recipe.,1,standard
"The concert was unsatisfactory, overall.","That sounds frustrating, we'll look into the concert.",0,standard
I found the delivery to be superb.,"That's wonderful, thanks for letting us know about the delivery!",1,standard
"Honestly, the hotel room turned out disappointing.",Sorry to hear the hotel room didn't work out.,0,standard
I found the movie to be boring.,"That's disappointing to hear about the movie, sorry about that.",0,standard
The new album left me feeling it was excellent.,Love that! Thanks for the kind words about the new album.,1,standard
"Honestly, the hotel room turned out subpar.",Sorry the hotel room let you down — thanks for the feedback.,0,standard
"In my opinion, the museum is fantastic.",Love that! Thanks for the kind words about the museum.,1,standard
The movie was genuinely underwhelming.,We apologize for the trouble with the movie.,0,standard
The coffee left me feeling it was mediocre.,"That's disappointing to hear about the coffee, sorry about that.",0,standard
"Honestly, the customer support turned out satisfying.",Thanks for sharing — happy the customer support worked out so well!,1,standard
I found this bakery to be wonderful.,"That's wonderful, thanks for letting us know about this bakery!",1,standard
The museum left me feeling it was awful.,Sorry the museum let you down — thanks for the feedback.,0,standard
"The flight was impressive, overall.",That's great to hear about the flight!,1,standard
My experience with this book was well-made.,That's great to hear about this book!,1,standard
My experience with this laptop was mediocre.,Sorry this laptop let you down — thanks for the feedback.,0,standard
"Honestly, this jacket turned out boring.",Sorry to hear this jacket didn't work out.,0,standard
"Honestly, the restaurant turned out second-rate.",We apologize for the trouble with the restaurant.,0,standard
The hotel room was genuinely terrible.,We apologize for the trouble with the hotel room.,0,standard
My experience with this camera was superb.,That's great to hear about this camera!,1,standard
This jacket was genuinely satisfying.,Thanks for sharing — happy this jacket worked out so well!,1,standard
I found the coffee to be enjoyable.,"That's wonderful, thanks for letting us know about the coffee!",1,standard
"In my opinion, this recipe is subpar.",Sorry to hear this recipe didn't work out.,0,standard
"In my opinion, the service is awful.",Sorry the service let you down — thanks for the feedback.,0,standard
My experience with the podcast was outstanding.,So glad you loved the podcast!,1,standard
This game was genuinely impressive.,That's great to hear about this game!,1,standard
This software update was genuinely frustrating.,Sorry this software update let you down — thanks for the feedback.,0,standard
"Honestly, this game turned out satisfying.","That's wonderful, thanks for letting us know about this game!",1,standard
My experience with the hotel room was subpar.,"Sorry about that experience with the hotel room, we'll do better.",0,standard
My experience with this phone was satisfying.,Thanks for sharing — happy this phone worked out so well!,1,standard
"In my opinion, the gym membership is fantastic.",That's great to hear about the gym membership!,1,standard
My experience with this recipe was unreliable.,"That's disappointing to hear about this recipe, sorry about that.",0,standard
I found the new album to be mediocre.,We apologize for the trouble with the new album.,0,standard
This app was genuinely disappointing.,Sorry this app let you down — thanks for the feedback.,0,standard
My experience with this game was reliable.,So glad you loved this game!,1,standard
This bakery was genuinely great.,"That's wonderful, thanks for letting us know about this bakery!",1,standard
"This bakery was unsatisfactory, overall.",Sorry to hear this bakery didn't work out.,0,standard
My experience with the service was unsatisfactory.,Sorry to hear the service didn't work out.,0,standard
I found the museum to be poorly made.,Sorry to hear the museum didn't work out.,0,standard
My experience with the movie was top-notch.,"Awesome, sounds like the movie really impressed you!",1,standard
"In my opinion, this laptop is satisfying.",That's great to hear about this laptop!,1,standard
"Honestly, this jacket turned out reliable.",So glad you loved this jacket!,1,standard
"In my opinion, this jacket is subpar.",Sorry to hear this jacket didn't work out.,0,standard
I found this course to be disappointing.,We apologize for the trouble with this course.,0,standard
I found the new album to be impressive.,Thanks for sharing — happy the new album worked out so well!,1,standard
This course left me feeling it was impressive.,Love that! Thanks for the kind words about this course.,1,standard
"This camera was terrible, overall.","Sorry about that experience with this camera, we'll do better.",0,standard
I found this phone to be superb.,Thanks for sharing — happy this phone worked out so well!,1,standard
"In my opinion, the customer support is enjoyable.","Awesome, sounds like the customer support really impressed you!",1,standard
This laptop left me feeling it was top-notch.,So glad you loved this laptop!,1,standard
"The service was disappointing, overall.","Sorry about that experience with the service, we'll do better.",0,standard
This bakery left me feeling it was mediocre.,"Sorry about that experience with this bakery, we'll do better.",0,standard
This jacket left me feeling it was great.,"That's wonderful, thanks for letting us know about this jacket!",1,standard
"Honestly, the restaurant turned out satisfying.",That's great to hear about the restaurant!,1,standard
"This bakery was underwhelming, overall.","That sounds frustrating, we'll look into this bakery.",0,standard
The museum was genuinely underwhelming.,Sorry to hear the museum didn't work out.,0,standard
I found the hotel room to be great.,So glad you loved the hotel room!,1,standard
"Honestly, this jacket turned out outstanding.","Awesome, sounds like this jacket really impressed you!",1,standard
I found the museum to be reliable.,"Awesome, sounds like the museum really impressed you!",1,standard
"Honestly, this laptop turned out excellent.",That's great to hear about this laptop!,1,standard
"This app was excellent, overall.","Awesome, sounds like this app really impressed you!",1,standard
My experience with this camera was boring.,"Sorry about that experience with this camera, we'll do better.",0,standard
The concert was genuinely superb.,Love that! Thanks for the kind words about the concert.,1,standard
"Honestly, the service turned out frustrating.","Sorry about that experience with the service, we'll do better.",0,standard
"This jacket was enjoyable, overall.",So glad you loved this jacket!,1,standard
I found the delivery to be excellent.,"That's wonderful, thanks for letting us know about the delivery!",1,standard
I found this bakery to be underwhelming.,We apologize for the trouble with this bakery.,0,standard
This app left me feeling it was impressive.,"That's wonderful, thanks for letting us know about this app!",1,standard
"The customer support was second-rate, overall.",Sorry to hear the customer support didn't work out.,0,standard
I found the gym membership to be top-notch.,That's great to hear about the gym membership!,1,standard
"In my opinion, this camera is great.","That's wonderful, thanks for letting us know about this camera!",1,standard
"Honestly, the movie turned out frustrating.",We apologize for the trouble with the movie.,0,standard
My experience with the podcast was disappointing.,"Sorry about that experience with the podcast, we'll do better.",0,standard
"In my opinion, the gym membership is unreliable.",Sorry the gym membership let you down — thanks for the feedback.,0,standard
"In my opinion, the coffee is wonderful.",Love that! Thanks for the kind words about the coffee.,1,standard
"In my opinion, this app is excellent.",Thanks for sharing — happy this app worked out so well!,1,standard
This camera was genuinely outstanding.,"Awesome, sounds like this camera really impressed you!",1,standard
The flight was genuinely great.,Love that! Thanks for the kind words about the flight.,1,standard
"The flight was top-notch, overall.",Thanks for sharing — happy the flight worked out so well!,1,standard
My experience with the new album was unreliable.,"That's disappointing to hear about the new album, sorry about that.",0,standard
My experience with the customer support was boring.,"Sorry about that experience with the customer support, we'll do better.",0,standard
"Honestly, the new album turned out unsatisfactory.","Sorry about that experience with the new album, we'll do better.",0,standard
"Honestly, the coffee turned out impressive.",So glad you loved the coffee!,1,standard
I found this app to be underwhelming.,We apologize for the trouble with this app.,0,standard
The podcast left me feeling it was outstanding.,So glad you loved the podcast!,1,standard
"The podcast was satisfying, overall.",So glad you loved the podcast!,1,standard
The delivery left me feeling it was unreliable.,"Sorry about that experience with the delivery, we'll do better.",0,standard
"The restaurant was unreliable, overall.",We apologize for the trouble with the restaurant.,0,standard
This phone left me feeling it was wonderful.,Thanks for sharing — happy this phone worked out so well!,1,standard
"The restaurant was satisfying, overall.",Thanks for sharing — happy the restaurant worked out so well!,1,standard
"In my opinion, this show is second-rate.",We apologize for the trouble with this show.,0,standard
"This bakery was frustrating, overall.",Sorry this bakery let you down — thanks for the feedback.,0,standard
"In my opinion, the museum is frustrating.",Sorry the museum let you down — thanks for the feedback.,0,standard
"This phone was superb, overall.",Love that! Thanks for the kind words about this phone.,1,standard
"In my opinion, this show is underwhelming.","That sounds frustrating, we'll look into this show.",0,standard
"Honestly, this laptop turned out satisfying.",Thanks for sharing — happy this laptop worked out so well!,1,standard
"In my opinion, the delivery is boring.","Sorry about that experience with the delivery, we'll do better.",0,standard
My experience with the flight was disappointing.,Sorry the flight let you down — thanks for the feedback.,0,standard
The coffee was genuinely reliable.,Love that! Thanks for the kind words about the coffee.,1,standard
My experience with the movie was reliable.,"That's wonderful, thanks for letting us know about the movie!",1,standard
I found this recipe to be terrible.,We apologize for the trouble with this recipe.,0,standard
"In my opinion, the concert is outstanding.",That's great to hear about the concert!,1,standard
This book left me feeling it was fantastic.,"That's wonderful, thanks for letting us know about this book!",1,standard
This phone left me feeling it was excellent.,Love that! Thanks for the kind words about this phone.,1,standard
This recipe was genuinely fantastic.,Thanks for sharing — happy this recipe worked out so well!,1,standard
"Honestly, this camera turned out excellent.",So glad you loved this camera!,1,standard
"The concert was reliable, overall.",Love that! Thanks for the kind words about the concert.,1,standard
"Honestly, this book turned out outstanding.",So glad you loved this book!,1,standard
The museum left me feeling it was second-rate.,Sorry the museum let you down — thanks for the feedback.,0,standard
The concert was genuinely well-made.,That's great to hear about the concert!,1,standard
I found the museum to be enjoyable.,"That's wonderful, thanks for letting us know about the museum!",1,standard
This phone left me feeling it was subpar.,"Sorry about that experience with this phone, we'll do better.",0,standard
My experience with the concert was frustrating.,"That's disappointing to hear about the concert, sorry about that.",0,standard
This jacket was genuinely outstanding.,"Awesome, sounds like this jacket really impressed you!",1,standard
"Honestly, this laptop turned out terrible.","That's disappointing to hear about this laptop, sorry about that.",0,standard
My experience with the gym membership was reliable.,"Awesome, sounds like the gym membership really impressed you!",1,standard
My experience with this app was unsatisfactory.,"That sounds frustrating, we'll look into this app.",0,standard
This recipe left me feeling it was frustrating.,Sorry to hear this recipe didn't work out.,0,standard
The podcast was genuinely underwhelming.,"Sorry about that experience with the podcast, we'll do better.",0,standard
"Honestly, this camera turned out unsatisfactory.","Sorry about that experience with this camera, we'll do better.",0,standard
My experience with this recipe was top-notch.,That's great to hear about this recipe!,1,standard
"In my opinion, this course is underwhelming.","That sounds frustrating, we'll look into this course.",0,standard
"The flight was underwhelming, overall.",Sorry the flight let you down — thanks for the feedback.,0,standard
I found the gym membership to be terrible.,We apologize for the trouble with the gym membership.,0,standard
The coffee left me feeling it was excellent.,Love that! Thanks for the kind words about the coffee.,1,standard
"This bakery was awful, overall.","Sorry about that experience with this bakery, we'll do better.",0,standard
This recipe was genuinely unreliable.,"That sounds frustrating, we'll look into this recipe.",0,standard
My experience with this app was poorly made.,"That's disappointing to hear about this app, sorry about that.",0,standard
I found the hotel room to be top-notch.,Thanks for sharing — happy the hotel room worked out so well!,1,standard
"In my opinion, this laptop is disappointing.",Sorry this laptop let you down — thanks for the feedback.,0,standard
"Honestly, the gym membership turned out great.",Love that! Thanks for the kind words about the gym membership.,1,standard
My experience with this book was terrible.,Sorry this book let you down — thanks for the feedback.,0,standard
The podcast left me feeling it was unreliable.,We apologize for the trouble with the podcast.,0,standard
The hotel room was genuinely unreliable.,"That's disappointing to hear about the hotel room, sorry about that.",0,standard
"Honestly, the podcast turned out excellent.",Love that! Thanks for the kind words about the podcast.,1,standard
"Honestly, this app turned out top-notch.",Love that! Thanks for the kind words about this app.,1,standard
This laptop was genuinely great.,So glad you loved this laptop!,1,standard
My experience with the museum was satisfying.,Love that! Thanks for the kind words about the museum.,1,standard
This bakery left me feeling it was unsatisfactory.,We apologize for the trouble with this bakery.,0,standard
I found this book to be satisfying.,"That's wonderful, thanks for letting us know about this book!",1,standard
"This book was underwhelming, overall.",Sorry to hear this book didn't work out.,0,standard
"In my opinion, the concert is underwhelming.",Sorry the concert let you down — thanks for the feedback.,0,standard
"The service was terrible, overall.",We apologize for the trouble with the service.,0,standard
"This show was great, overall.",Thanks for sharing — happy this show worked out so well!,1,standard
I found this laptop to be wonderful.,That's great to hear about this laptop!,1,standard
I found the new album to be well-made.,"That's wonderful, thanks for letting us know about the new album!",1,standard
This bakery left me feeling it was outstanding.,Love that! Thanks for the kind words about this bakery.,1,standard
"In my opinion, the service is terrible.",Sorry to hear the service didn't work out.,0,standard
"In my opinion, this camera is poorly made.","Sorry about that experience with this camera, we'll do better.",0,standard
"In my opinion, the restaurant is excellent.",That's great to hear about the restaurant!,1,standard
My experience with the podcast was reliable.,So glad you loved the podcast!,1,standard
My experience with the flight was outstanding.,Love that! Thanks for the kind words about the flight.,1,standard
"Honestly, the new album turned out frustrating.",Sorry the new album let you down — thanks for the feedback.,0,standard
The delivery left me feeling it was poorly made.,"Sorry about that experience with the delivery, we'll do better.",0,standard
My experience with the restaurant was excellent.,"That's wonderful, thanks for letting us know about the restaurant!",1,standard
"Honestly, this book turned out poorly made.","That's disappointing to hear about this book, sorry about that.",0,standard
The delivery was genuinely impressive.,So glad you loved the delivery!,1,standard
This show was genuinely mediocre.,"That sounds frustrating, we'll look into this show.",0,standard
This camera left me feeling it was subpar.,"That sounds frustrating, we'll look into this camera.",0,standard
This recipe left me feeling it was reliable.,"Awesome, sounds like this recipe really impressed you!",1,standard
"In my opinion, this camera is disappointing.",We apologize for the trouble with this camera.,0,standard
The delivery was genuinely second-rate.,"That sounds frustrating, we'll look into the delivery.",0,standard
This book was genuinely wonderful.,That's great to hear about this book!,1,standard
The podcast left me feeling it was impressive.,"That's wonderful, thanks for letting us know about the podcast!",1,standard
"The gym membership was great, overall.",So glad you loved the gym membership!,1,standard
My experience with the coffee was frustrating.,"Sorry about that experience with the coffee, we'll do better.",0,standard
"Honestly, this show turned out terrible.",Sorry this show let you down — thanks for the feedback.,0,standard
"In my opinion, this course is disappointing.","That's disappointing to hear about this course, sorry about that.",0,standard
The service left me feeling it was second-rate.,Sorry the service let you down — thanks for the feedback.,0,standard
I found the flight to be satisfying.,That's great to hear about the flight!,1,standard
The restaurant was genuinely reliable.,"That's wonderful, thanks for letting us know about the restaurant!",1,standard
My experience with the hotel room was well-made.,Love that! Thanks for the kind words about the hotel room.,1,standard
My experience with this camera was frustrating.,Sorry this camera let you down — thanks for the feedback.,0,standard
This phone was genuinely well-made.,That's great to hear about this phone!,1,standard
The movie left me feeling it was unreliable.,"That's disappointing to hear about the movie, sorry about that.",0,standard
"Honestly, the movie turned out enjoyable.",So glad you loved the movie!,1,standard
"The podcast was top-notch, overall.",So glad you loved the podcast!,1,standard
"The movie was frustrating, overall.","That sounds frustrating, we'll look into the movie.",0,standard
"The new album was unreliable, overall.","That's disappointing to hear about the new album, sorry about that.",0,standard
"Honestly, the coffee turned out subpar.",We apologize for the trouble with the coffee.,0,standard
I found this jacket to be terrible.,Sorry to hear this jacket didn't work out.,0,standard
My experience with the podcast was poorly made.,Sorry to hear the podcast didn't work out.,0,standard
I found this recipe to be well-made.,Thanks for sharing — happy this recipe worked out so well!,1,standard
The concert was genuinely poorly made.,Sorry to hear the concert didn't work out.,0,standard
This show left me feeling it was frustrating.,Sorry this show let you down — thanks for the feedback.,0,standard
I found the gym membership to be outstanding.,Love that! Thanks for the kind words about the gym membership.,1,standard
"In my opinion, the service is unsatisfactory.",Sorry the service let you down — thanks for the feedback.,0,standard
"In my opinion, this camera is awful.","Sorry about that experience with this camera, we'll do better.",0,standard
"In my opinion, the podcast is great.",That's great to hear about the podcast!,1,standard
The customer support was genuinely boring.,"Sorry about that experience with the customer support, we'll do better.",0,standard
"Honestly, the flight turned out frustrating.",Sorry to hear the flight didn't work out.,0,standard
The podcast left me feeling it was frustrating.,"That's disappointing to hear about the podcast, sorry about that.",0,standard
The delivery was genuinely fantastic.,That's great to hear about the delivery!,1,standard
My experience with the gym membership was top-notch.,Love that! Thanks for the kind words about the gym membership.,1,standard
"In my opinion, this course is great.",That's great to hear about this course!,1,standard
"Honestly, this recipe turned out mediocre.",Sorry to hear this recipe didn't work out.,0,standard
This bakery left me feeling it was wonderful.,Love that! Thanks for the kind words about this bakery.,1,standard
"In my opinion, the movie is satisfying.",That's great to hear about the movie!,1,standard
I found this jacket to be underwhelming.,We apologize for the trouble with this jacket.,0,standard
"Honestly, the hotel room turned out satisfying.",Love that! Thanks for the kind words about the hotel room.,1,standard
"In my opinion, the hotel room is enjoyable.","That's wonderful, thanks for letting us know about the hotel room!",1,standard
"Honestly, this recipe turned out enjoyable.","That's wonderful, thanks for letting us know about this recipe!",1,standard
"In my opinion, this software update is well-made.",So glad you loved this software update!,1,standard
This show was genuinely fantastic.,"That's wonderful, thanks for letting us know about this show!",1,standard
My experience with this show was fantastic.,So glad you loved this show!,1,standard
I found this camera to be fantastic.,Thanks for sharing — happy this camera worked out so well!,1,standard
"This game was mediocre, overall.",We apologize for the trouble with this game.,0,standard
My experience with this book was boring.,"That's disappointing to hear about this book, sorry about that.",0,standard
The concert was genuinely unsatisfactory.,Sorry to hear the concert didn't work out.,0,standard
"In my opinion, the restaurant is second-rate.",Sorry the restaurant let you down — thanks for the feedback.,0,standard
The movie left me feeling it was boring.,We apologize for the trouble with the movie.,0,standard
My experience with this jacket was excellent.,"That's wonderful, thanks for letting us know about this jacket!",1,standard
"In my opinion, the gym membership is impressive.",Love that! Thanks for the kind words about the gym membership.,1,standard
"In my opinion, this game is unsatisfactory.","That's disappointing to hear about this game, sorry about that.",0,standard
"In my opinion, the customer support is unreliable.",Sorry to hear the customer support didn't work out.,0,standard
The customer support left me feeling it was boring.,Sorry to hear the customer support didn't work out.,0,standard
"Honestly, this game turned out fantastic.",Thanks for sharing — happy this game worked out so well!,1,standard
My experience with this camera was awful.,Sorry to hear this camera didn't work out.,0,standard
"Honestly, the new album turned out boring.","That's disappointing to hear about the new album, sorry about that.",0,standard
My experience with this bakery was reliable.,So glad you loved this bakery!,1,standard
This jacket left me feeling it was superb.,Love that! Thanks for the kind words about this jacket.,1,standard
"In my opinion, this recipe is poorly made.","That sounds frustrating, we'll look into this recipe.",0,standard
"The concert was unreliable, overall.","That sounds frustrating, we'll look into the concert.",0,standard
"This recipe was second-rate, overall.","That sounds frustrating, we'll look into this recipe.",0,standard
This course was genuinely top-notch.,So glad you loved this course!,1,standard
My experience with this bakery was terrible.,We apologize for the trouble with this bakery.,0,standard
"In my opinion, the new album is satisfying.",Thanks for sharing — happy the new album worked out so well!,1,standard
My experience with the delivery was enjoyable.,"Awesome, sounds like the delivery really impressed you!",1,standard
"Honestly, the movie turned out wonderful.","That's wonderful, thanks for letting us know about the movie!",1,standard
I found the gym membership to be boring.,Sorry to hear the gym membership didn't work out.,0,standard
"In my opinion, this recipe is reliable.",Thanks for sharing — happy this recipe worked out so well!,1,standard
"Honestly, this camera turned out awful.",We apologize for the trouble with this camera.,0,standard
"This app was top-notch, overall.",Love that! Thanks for the kind words about this app.,1,standard
"In my opinion, this bakery is boring.",Sorry this bakery let you down — thanks for the feedback.,0,standard
"Honestly, the customer support turned out poorly made.",We apologize for the trouble with the customer support.,0,standard
I found this app to be mediocre.,"That sounds frustrating, we'll look into this app.",0,standard
"In my opinion, the new album is poorly made.",Sorry to hear the new album didn't work out.,0,standard
I found the museum to be terrible.,We apologize for the trouble with the museum.,0,standard
"The hotel room was awful, overall.","That's disappointing to hear about the hotel room, sorry about that.",0,standard
"Honestly, the hotel room turned out mediocre.",We apologize for the trouble with the hotel room.,0,standard
"The customer support was top-notch, overall.",Thanks for sharing — happy the customer support worked out so well!,1,standard
"This book was outstanding, overall.","Awesome, sounds like this book really impressed you!",1,standard
I found the flight to be unsatisfactory.,Sorry the flight let you down — thanks for the feedback.,0,standard
I found the service to be reliable.,So glad you loved the service!,1,standard
The flight was genuinely awful.,"Sorry about that experience with the flight, we'll do better.",0,standard
"This bakery was excellent, overall.",So glad you loved this bakery!,1,standard
"Honestly, the concert turned out poorly made.","That sounds frustrating, we'll look into the concert.",0,standard
My experience with this recipe was subpar.,"That sounds frustrating, we'll look into this recipe.",0,standard
The podcast was genuinely disappointing.,Sorry to hear the podcast didn't work out.,0,standard
The gym membership left me feeling it was enjoyable.,Thanks for sharing — happy the gym membership worked out so well!,1,standard
"Honestly, the delivery turned out reliable.","Awesome, sounds like the delivery really impressed you!",1,standard
My experience with this book was satisfying.,Thanks for sharing — happy this book worked out so well!,1,standard
"Honestly, this book turned out wonderful.","Awesome, sounds like this book really impressed you!",1,standard
This jacket was genuinely great.,Thanks for sharing — happy this jacket worked out so well!,1,standard
"The delivery was unreliable, overall.","That's disappointing to hear about the delivery, sorry about that.",0,standard
My experience with the concert was disappointing.,"That's disappointing to hear about the concert, sorry about that.",0,standard
The gym membership was genuinely poorly made.,"That's disappointing to hear about the gym membership, sorry about that.",0,standard
My experience with this app was frustrating.,"That's disappointing to hear about this app, sorry about that.",0,standard
The gym membership was genuinely enjoyable.,Thanks for sharing — happy the gym membership worked out so well!,1,standard
This jacket left me feeling it was excellent.,"Awesome, sounds like this jacket really impressed you!",1,standard
"This software update was outstanding, overall.",That's great to hear about this software update!,1,standard
"Honestly, the restaurant turned out top-notch.",So glad you loved the restaurant!,1,standard
"In my opinion, the movie is well-made.","That's wonderful, thanks for letting us know about the movie!",1,standard
My experience with this course was second-rate.,We apologize for the trouble with this course.,0,standard
This software update was genuinely fantastic.,Thanks for sharing — happy this software update worked out so well!,1,standard
"In my opinion, this show is enjoyable.","That's wonderful, thanks for letting us know about this show!",1,standard
This bakery left me feeling it was enjoyable.,"Awesome, sounds like this bakery really impressed you!",1,standard
"Honestly, this game turned out frustrating.","That sounds frustrating, we'll look into this game.",0,standard
"The concert was disappointing, overall.","That's disappointing to hear about the concert, sorry about that.",0,standard
My experience with this show was poorly made.,We apologize for the trouble with this show.,0,standard
My experience with the movie was unsatisfactory.,"That's disappointing to hear about the movie, sorry about that.",0,standard
My experience with this laptop was superb.,Love that! Thanks for the kind words about this laptop.,1,standard
"In my opinion, this phone is subpar.","Sorry about that experience with this phone, we'll do better.",0,standard
This jacket left me feeling it was outstanding.,So glad you loved this jacket!,1,standard
The podcast left me feeling it was unsatisfactory.,Sorry the podcast let you down — thanks for the feedback.,0,standard
My experience with the movie was terrible.,Sorry to hear the movie didn't work out.,0,standard
"The museum was terrible, overall.",We apologize for the trouble with the museum.,0,standard
I found this recipe to be outstanding.,That's great to hear about this recipe!,1,standard
I found this recipe to be frustrating.,Sorry to hear this recipe didn't work out.,0,standard
The new album left me feeling it was poorly made.,"That sounds frustrating, we'll look into the new album.",0,standard
My experience with the service was subpar.,Sorry the service let you down — thanks for the feedback.,0,standard
"In my opinion, this game is poorly made.",We apologize for the trouble with this game.,0,standard
I found the movie to be outstanding.,Love that! Thanks for the kind words about the movie.,1,standard
"The restaurant was superb, overall.",Love that! Thanks for the kind words about the restaurant.,1,standard
I found this show to be terrible.,Sorry to hear this show didn't work out.,0,standard
"In my opinion, this phone is reliable.",So glad you loved this phone!,1,standard
"This bakery was top-notch, overall.","Awesome, sounds like this bakery really impressed you!",1,standard
My experience with this camera was reliable.,"That's wonderful, thanks for letting us know about this camera!",1,standard
"The service was enjoyable, overall.","Awesome, sounds like the service really impressed you!",1,standard
This phone left me feeling it was disappointing.,We apologize for the trouble with this phone.,0,standard
"In my opinion, this show is awful.",Sorry this show let you down — thanks for the feedback.,0,standard
"In my opinion, the hotel room is unreliable.","That's disappointing to hear about the hotel room, sorry about that.",0,standard
The coffee was genuinely excellent.,Thanks for sharing — happy the coffee worked out so well!,1,standard
"In my opinion, this recipe is awful.","That sounds frustrating, we'll look into this recipe.",0,standard
This software update left me feeling it was outstanding.,"That's wonderful, thanks for letting us know about this software update!",1,standard
My experience with the delivery was second-rate.,"That's disappointing to hear about the delivery, sorry about that.",0,standard
The service left me feeling it was fantastic.,Love that! Thanks for the kind words about the service.,1,standard
I found this show to be top-notch.,So glad you loved this show!,1,standard
The new album was genuinely mediocre.,"That's disappointing to hear about the new album, sorry about that.",0,standard
The customer support was genuinely underwhelming.,"That sounds frustrating, we'll look into the customer support.",0,standard
This camera was genuinely well-made.,Love that! Thanks for the kind words about this camera.,1,standard
"The hotel room was underwhelming, overall.","Sorry about that experience with the hotel room, we'll do better.",0,standard
"Honestly, this book turned out second-rate.",We apologize for the trouble with this book.,0,standard
I found this laptop to be disappointing.,Sorry to hear this laptop didn't work out.,0,standard
"This show was second-rate, overall.",We apologize for the trouble with this show.,0,standard
"In my opinion, this bakery is impressive.","Awesome, sounds like this bakery really impressed you!",1,standard
I found the coffee to be frustrating.,Sorry to hear the coffee didn't work out.,0,standard
I found the restaurant to be unsatisfactory.,Sorry to hear the restaurant didn't work out.,0,standard
"In my opinion, this book is mediocre.","That sounds frustrating, we'll look into this book.",0,standard
"The restaurant was wonderful, overall.",Love that! Thanks for the kind words about the restaurant.,1,standard
"In my opinion, the customer support is mediocre.","That sounds frustrating, we'll look into the customer support.",0,standard
I found the gym membership to be wonderful.,Thanks for sharing — happy the gym membership worked out so well!,1,standard
"This game was superb, overall.",Love that! Thanks for the kind words about this game.,1,standard
"In my opinion, this camera is second-rate.",Sorry this camera let you down — thanks for the feedback.,0,standard
My experience with the new album was great.,"That's wonderful, thanks for letting us know about the new album!",1,standard
The hotel room left me feeling it was terrible.,"Sorry about that experience with the hotel room, we'll do better.",0,standard
My experience with this game was mediocre.,We apologize for the trouble with this game.,0,standard
The flight left me feeling it was awful.,Sorry to hear the flight didn't work out.,0,standard
"The movie was enjoyable, overall.","Awesome, sounds like the movie really impressed you!",1,standard
The restaurant left me feeling it was top-notch.,So glad you loved the restaurant!,1,standard
My experience with the hotel room was frustrating.,"Sorry about that experience with the hotel room, we'll do better.",0,standard
The customer support was genuinely unreliable.,"That sounds frustrating, we'll look into the customer support.",0,standard
This show was genuinely well-made.,So glad you loved this show!,1,standard
"Honestly, this phone turned out reliable.",So glad you loved this phone!,1,standard
"Honestly, this jacket turned out great.","That's wonderful, thanks for letting us know about this jacket!",1,standard
"This show was subpar, overall.","That sounds frustrating, we'll look into this show.",0,standard
My experience with the flight was fantastic.,So glad you loved the flight!,1,standard
My experience with the new album was second-rate.,"That's disappointing to hear about the new album, sorry about that.",0,standard
"In my opinion, this software update is second-rate.",Sorry this software update let you down — thanks for the feedback.,0,standard
This game left me feeling it was outstanding.,"Awesome, sounds like this game really impressed you!",1,standard
I found the hotel room to be underwhelming.,"Sorry about that experience with the hotel room, we'll do better.",0,standard
"Honestly, this laptop turned out impressive.",That's great to hear about this laptop!,1,standard
My experience with the new album was awful.,"Sorry about that experience with the new album, we'll do better.",0,standard
The flight left me feeling it was poorly made.,"That's disappointing to hear about the flight, sorry about that.",0,standard
I found this book to be superb.,That's great to hear about this book!,1,standard
This game was genuinely disappointing.,Sorry to hear this game didn't work out.,0,standard
"Honestly, the podcast turned out terrible.",Sorry the podcast let you down — thanks for the feedback.,0,standard
This book left me feeling it was superb.,That's great to hear about this book!,1,standard
"Honestly, this course turned out disappointing.",We apologize for the trouble with this course.,0,standard
The flight was genuinely poorly made.,"Sorry about that experience with the flight, we'll do better.",0,standard
"The movie was top-notch, overall.","That's wonderful, thanks for letting us know about the movie!",1,standard
I found this camera to be mediocre.,Sorry this camera let you down — thanks for the feedback.,0,standard
My experience with this book was unreliable.,"Sorry about that experience with this book, we'll do better.",0,standard
My experience with this camera was wonderful.,That's great to hear about this camera!,1,standard
"Honestly, the podcast turned out mediocre.","That sounds frustrating, we'll look into the podcast.",0,standard
I found the customer support to be impressive.,Love that! Thanks for the kind words about the customer support.,1,standard
This software update was genuinely disappointing.,Sorry to hear this software update didn't work out.,0,standard
"Honestly, this bakery turned out outstanding.","That's wonderful, thanks for letting us know about this bakery!",1,standard
The movie left me feeling it was frustrating.,Sorry the movie let you down — thanks for the feedback.,0,standard
"Honestly, the movie turned out terrible.",We apologize for the trouble with the movie.,0,standard
The service was genuinely wonderful.,Love that! Thanks for the kind words about the service.,1,standard
"Honestly, this game turned out second-rate.",Sorry this game let you down — thanks for the feedback.,0,standard
I found the coffee to be second-rate.,Sorry the coffee let you down — thanks for the feedback.,0,standard
"The hotel room was top-notch, overall.","That's wonderful, thanks for letting us know about the hotel room!",1,standard
I found the hotel room to be subpar.,"That's disappointing to hear about the hotel room, sorry about that.",0,standard
I found this software update to be great.,"That's wonderful, thanks for letting us know about this software update!",1,standard
"This course was frustrating, overall.","That sounds frustrating, we'll look into this course.",0,standard
I found the service to be impressive.,Love that! Thanks for the kind words about the service.,1,standard
"The customer support was impressive, overall.","That's wonderful, thanks for letting us know about the customer support!",1,standard
The movie left me feeling it was outstanding.,"That's wonderful, thanks for letting us know about the movie!",1,standard
"This phone was wonderful, overall.",That's great to hear about this phone!,1,standard
I found the movie to be unsatisfactory.,"That sounds frustrating, we'll look into the movie.",0,standard
The delivery was genuinely disappointing.,We apologize for the trouble with the delivery.,0,standard
"Honestly, the customer support turned out enjoyable.","Awesome, sounds like the customer support really impressed you!",1,standard
I found this laptop to be second-rate.,We apologize for the trouble with this laptop.,0,standard
My experience with this game was wonderful.,"Awesome, sounds like this game really impressed you!",1,standard
My experience with the coffee was impressive.,That's great to hear about the coffee!,1,standard
The new album left me feeling it was well-made.,"That's wonderful, thanks for letting us know about the new album!",1,standard
This bakery left me feeling it was excellent.,"Awesome, sounds like this bakery really impressed you!",1,standard
"In my opinion, this course is poorly made.",Sorry to hear this course didn't work out.,0,standard
My experience with the service was top-notch.,That's great to hear about the service!,1,standard
My experience with the coffee was reliable.,"Awesome, sounds like the coffee really impressed you!",1,standard
"Honestly, this camera turned out well-made.",That's great to hear about this camera!,1,standard
"The delivery was satisfying, overall.",Thanks for sharing — happy the delivery worked out so well!,1,standard
I found this software update to be terrible.,Sorry this software update let you down — thanks for the feedback.,0,standard
My experience with the podcast was fantastic.,Thanks for sharing — happy the podcast worked out so well!,1,standard
"This phone was underwhelming, overall.",Sorry this phone let you down — thanks for the feedback.,0,standard
"Honestly, the concert turned out terrible.",Sorry the concert let you down — thanks for the feedback.,0,standard
The movie left me feeling it was top-notch.,That's great to hear about the movie!,1,standard
My experience with the coffee was unreliable.,Sorry the coffee let you down — thanks for the feedback.,0,standard
This jacket was genuinely boring.,Sorry to hear this jacket didn't work out.,0,standard
The coffee was genuinely top-notch.,"Awesome, sounds like the coffee really impressed you!",1,standard
This course left me feeling it was mediocre.,"That's disappointing to hear about this course, sorry about that.",0,standard
I found the new album to be excellent.,That's great to hear about the new album!,1,standard
"Honestly, this software update turned out mediocre.",We apologize for the trouble with this software update.,0,standard
"In my opinion, this game is mediocre.","That's disappointing to hear about this game, sorry about that.",0,standard
"In my opinion, the concert is unreliable.","That sounds frustrating, we'll look into the concert.",0,standard
This app left me feeling it was great.,That's great to hear about this app!,1,standard
The movie left me feeling it was mediocre.,Sorry to hear the movie didn't work out.,0,standard
This book was genuinely unsatisfactory.,"That's disappointing to hear about this book, sorry about that.",0,standard
"The hotel room was impressive, overall.","Awesome, sounds like the hotel room really impressed you!",1,standard
The coffee was genuinely satisfying.,"That's wonderful, thanks for letting us know about the coffee!",1,standard
"In my opinion, this book is reliable.",So glad you loved this book!,1,standard
I found the restaurant to be outstanding.,Love that! Thanks for the kind words about the restaurant.,1,standard
"This jacket was superb, overall.",Love that! Thanks for the kind words about this jacket.,1,standard
My experience with this bakery was second-rate.,"That's disappointing to hear about this bakery, sorry about that.",0,standard
I found the gym membership to be excellent.,"Awesome, sounds like the gym membership really impressed you!",1,standard
The flight left me feeling it was subpar.,Sorry the flight let you down — thanks for the feedback.,0,standard
"Honestly, this camera turned out satisfying.","Awesome, sounds like this camera really impressed you!",1,standard
I found this course to be subpar.,"Sorry about that experience with this course, we'll do better.",0,standard
This show left me feeling it was well-made.,Thanks for sharing — happy this show worked out so well!,1,standard
"In my opinion, the concert is frustrating.","Sorry about that experience with the concert, we'll do better.",0,standard
"In my opinion, the concert is top-notch.",Love that! Thanks for the kind words about the concert.,1,standard
"Honestly, the new album turned out excellent.",So glad you loved the new album!,1,standard
My experience with this software update was unsatisfactory.,"That sounds frustrating, we'll look into this software update.",0,standard
My experience with the museum was disappointing.,Sorry to hear the museum didn't work out.,0,standard
My experience with this software update was poorly made.,"That sounds frustrating, we'll look into this software update.",0,standard
The hotel room was genuinely subpar.,Sorry the hotel room let you down — thanks for the feedback.,0,standard
My experience with this show was disappointing.,"That's disappointing to hear about this show, sorry about that.",0,standard
I found this book to be mediocre.,"That's disappointing to hear about this book, sorry about that.",0,standard
"In my opinion, this phone is superb.","Awesome, sounds like this phone really impressed you!",1,standard
This recipe was genuinely subpar.,"That sounds frustrating, we'll look into this recipe.",0,standard
The gym membership was genuinely impressive.,Thanks for sharing — happy the gym membership worked out so well!,1,standard
"Honestly, the museum turned out frustrating.","That's disappointing to hear about the museum, sorry about that.",0,standard
"In my opinion, the movie is terrible.","That's disappointing to hear about the movie, sorry about that.",0,standard
My experience with this jacket was disappointing.,"That's disappointing to hear about this jacket, sorry about that.",0,standard
I found this game to be boring.,Sorry to hear this game didn't work out.,0,standard
"This show was excellent, overall.","Awesome, sounds like this show really impressed you!",1,standard
I found the flight to be impressive.,Love that! Thanks for the kind words about the flight.,1,standard
"Honestly, this app turned out superb.",Love that! Thanks for the kind words about this app.,1,standard
This app left me feeling it was subpar.,Sorry to hear this app didn't work out.,0,standard
I found this software update to be impressive.,Love that! Thanks for the kind words about this software update.,1,standard
My experience with the gym membership was poorly made.,Sorry the gym membership let you down — thanks for the feedback.,0,standard
I found this laptop to be poorly made.,"Sorry about that experience with this laptop, we'll do better.",0,standard
My experience with this book was subpar.,Sorry this book let you down — thanks for the feedback.,0,standard
"The hotel room was unreliable, overall.","That sounds frustrating, we'll look into the hotel room.",0,standard
"The podcast was subpar, overall.","Sorry about that experience with the podcast, we'll do better.",0,standard
This bakery was genuinely wonderful.,"Awesome, sounds like this bakery really impressed you!",1,standard
"Honestly, the podcast turned out enjoyable.",That's great to hear about the podcast!,1,standard
"Honestly, this camera turned out outstanding.",So glad you loved this camera!,1,standard
"The museum was excellent, overall.",Love that! Thanks for the kind words about the museum.,1,standard
"Honestly, this course turned out terrible.",Sorry to hear this course didn't work out.,0,standard
This camera was genuinely wonderful.,"That's wonderful, thanks for letting us know about this camera!",1,standard
"This camera was underwhelming, overall.","That's disappointing to hear about this camera, sorry about that.",0,standard
"The movie was outstanding, overall.",Love that! Thanks for the kind words about the movie.,1,standard
I found this phone to be reliable.,Thanks for sharing — happy this phone worked out so well!,1,standard
"Honestly, the coffee turned out enjoyable.",That's great to hear about the coffee!,1,standard
My experience with the new album was excellent.,Thanks for sharing — happy the new album worked out so well!,1,standard
"This show was wonderful, overall.",Love that! Thanks for the kind words about this show.,1,standard
The gym membership left me feeling it was subpar.,Sorry to hear the gym membership didn't work out.,0,standard
"In my opinion, this software update is mediocre.","That sounds frustrating, we'll look into this software update.",0,standard
The gym membership left me feeling it was unsatisfactory.,We apologize for the trouble with the gym membership.,0,standard
"This phone was top-notch, overall.","That's wonderful, thanks for letting us know about this phone!",1,standard
"Honestly, this course turned out superb.",So glad you loved this course!,1,standard
The new album was genuinely enjoyable.,Love that! Thanks for the kind words about the new album.,1,standard
"The new album was unsatisfactory, overall.","That's disappointing to hear about the new album, sorry about that.",0,standard
"The restaurant was unsatisfactory, overall.","That's disappointing to hear about the restaurant, sorry about that.",0,standard
"In my opinion, the coffee is boring.","Sorry about that experience with the coffee, we'll do better.",0,standard
I found the delivery to be mediocre.,Sorry the delivery let you down — thanks for the feedback.,0,standard
The museum left me feeling it was poorly made.,We apologize for the trouble with the museum.,0,standard
I found the hotel room to be excellent.,That's great to hear about the hotel room!,1,standard
My experience with the restaurant was mediocre.,Sorry the restaurant let you down — thanks for the feedback.,0,standard
"This bakery was mediocre, overall.","That's disappointing to hear about this bakery, sorry about that.",0,standard
This jacket was genuinely underwhelming.,"Sorry about that experience with this jacket, we'll do better.",0,standard
"In my opinion, this book is frustrating.","That sounds frustrating, we'll look into this book.",0,standard
The service was genuinely awful.,"That sounds frustrating, we'll look into the service.",0,standard
"Honestly, this app turned out unsatisfactory.","Sorry about that experience with this app, we'll do better.",0,standard
"In my opinion, the podcast is frustrating.","Sorry about that experience with the podcast, we'll do better.",0,standard
"This bakery was wonderful, overall.","That's wonderful, thanks for letting us know about this bakery!",1,standard
The customer support was genuinely outstanding.,"Awesome, sounds like the customer support really impressed you!",1,standard
"This laptop was satisfying, overall.",So glad you loved this laptop!,1,standard
"Honestly, this bakery turned out unreliable.","That's disappointing to hear about this bakery, sorry about that.",0,standard
"In my opinion, the flight is underwhelming.",Sorry the flight let you down — thanks for the feedback.,0,standard
I found the delivery to be disappointing.,"That's disappointing to hear about the delivery, sorry about that.",0,standard
The hotel room was genuinely great.,"Awesome, sounds like the hotel room really impressed you!",1,standard
The gym membership was genuinely satisfying.,"That's wonderful, thanks for letting us know about the gym membership!",1,standard
"Honestly, this game turned out well-made.",That's great to hear about this game!,1,standard
I found the restaurant to be disappointing.,"That sounds frustrating, we'll look into the restaurant.",0,standard
The delivery was genuinely well-made.,"That's wonderful, thanks for letting us know about the delivery!",1,standard
"Honestly, the hotel room turned out superb.","Awesome, sounds like the hotel room really impressed you!",1,standard
My experience with the movie was unreliable.,"That's disappointing to hear about the movie, sorry about that.",0,standard
My experience with this book was fantastic.,That's great to hear about this book!,1,standard
"Honestly, this book turned out impressive.","Awesome, sounds like this book really impressed you!",1,standard
"This course was terrible, overall.","Sorry about that experience with this course, we'll do better.",0,standard
"In my opinion, this camera is fantastic.",So glad you loved this camera!,1,standard
This course left me feeling it was superb.,"Awesome, sounds like this course really impressed you!",1,standard
"Honestly, the delivery turned out disappointing.","That's disappointing to hear about the delivery, sorry about that.",0,standard
The gym membership was genuinely outstanding.,"That's wonderful, thanks for letting us know about the gym membership!",1,standard
The service left me feeling it was top-notch.,"Awesome, sounds like the service really impressed you!",1,standard
"In my opinion, this software update is top-notch.",Thanks for sharing — happy this software update worked out so well!,1,standard
My experience with the new album was well-made.,"That's wonderful, thanks for letting us know about the new album!",1,standard
"Honestly, the gym membership turned out mediocre.","That sounds frustrating, we'll look into the gym membership.",0,standard
My experience with this game was terrible.,We apologize for the trouble with this game.,0,standard
This laptop was genuinely satisfying.,So glad you loved this laptop!,1,standard
My experience with the customer support was unsatisfactory.,"That sounds frustrating, we'll look into the customer support.",0,standard
The flight left me feeling it was wonderful.,Thanks for sharing — happy the flight worked out so well!,1,standard
This recipe left me feeling it was underwhelming.,Sorry this recipe let you down — thanks for the feedback.,0,standard
The gym membership left me feeling it was reliable.,That's great to hear about the gym membership!,1,standard
This camera was genuinely unreliable.,"That's disappointing to hear about this camera, sorry about that.",0,standard
My experience with this phone was second-rate.,"That sounds frustrating, we'll look into this phone.",0,standard
"In my opinion, this show is great.","Awesome, sounds like this show really impressed you!",1,standard
This book was genuinely top-notch.,Thanks for sharing — happy this book worked out so well!,1,standard
I found this laptop to be terrible.,"That's disappointing to hear about this laptop, sorry about that.",0,standard
"In my opinion, this app is unreliable.",We apologize for the trouble with this app.,0,standard
"In my opinion, the service is enjoyable.",Thanks for sharing — happy the service worked out so well!,1,standard
"Honestly, this game turned out poorly made.","That sounds frustrating, we'll look into this game.",0,standard
My experience with this show was mediocre.,"That sounds frustrating, we'll look into this show.",0,standard
I found the museum to be top-notch.,"That's wonderful, thanks for letting us know about the museum!",1,standard
I found the podcast to be awful.,Sorry to hear the podcast didn't work out.,0,standard
"The restaurant was underwhelming, overall.","That sounds frustrating, we'll look into the restaurant.",0,standard
I found this bakery to be fantastic.,Thanks for sharing — happy this bakery worked out so well!,1,standard
My experience with the restaurant was boring.,"That sounds frustrating, we'll look into the restaurant.",0,standard
My experience with this camera was top-notch.,"That's wonderful, thanks for letting us know about this camera!",1,standard
My experience with the new album was unsatisfactory.,We apologize for the trouble with the new album.,0,standard
I found the podcast to be underwhelming.,"Sorry about that experience with the podcast, we'll do better.",0,standard
"Honestly, the hotel room turned out terrible.","That's disappointing to hear about the hotel room, sorry about that.",0,standard
"In my opinion, this show is impressive.","That's wonderful, thanks for letting us know about this show!",1,standard
"The concert was terrible, overall.","That sounds frustrating, we'll look into the concert.",0,standard
This camera was genuinely frustrating.,Sorry to hear this camera didn't work out.,0,standard
"Honestly, this jacket turned out terrible.","Sorry about that experience with this jacket, we'll do better.",0,standard
"This phone was mediocre, overall.","Sorry about that experience with this phone, we'll do better.",0,standard
"Honestly, the restaurant turned out subpar.","That sounds frustrating, we'll look into the restaurant.",0,standard
"In my opinion, this app is reliable.",So glad you loved this app!,1,standard
"Honestly, the podcast turned out boring.",Sorry to hear the podcast didn't work out.,0,standard
My experience with the museum was great.,"That's wonderful, thanks for letting us know about the museum!",1,standard
The concert was genuinely boring.,Sorry the concert let you down — thanks for the feedback.,0,standard
The gym membership left me feeling it was great.,So glad you loved the gym membership!,1,standard
The concert left me feeling it was top-notch.,"That's wonderful, thanks for letting us know about the concert!",1,standard
My experience with this game was awful.,"That sounds frustrating, we'll look into this game.",0,standard
"The hotel room was excellent, overall.",That's great to hear about the hotel room!,1,standard
The podcast was genuinely superb.,That's great to hear about the podcast!,1,standard
This laptop left me feeling it was impressive.,"That's wonderful, thanks for letting us know about this laptop!",1,standard
This show left me feeling it was enjoyable.,So glad you loved this show!,1,standard
"In my opinion, this game is underwhelming.","Sorry about that experience with this game, we'll do better.",0,standard
My experience with this phone was terrible.,"That sounds frustrating, we'll look into this phone.",0,standard
The coffee left me feeling it was great.,"That's wonderful, thanks for letting us know about the coffee!",1,standard
"The customer support was well-made, overall.","Awesome, sounds like the customer support really impressed you!",1,standard
The concert left me feeling it was wonderful.,Thanks for sharing — happy the concert worked out so well!,1,standard
"In my opinion, the flight is satisfying.",So glad you loved the flight!,1,standard
I found this phone to be outstanding.,"Awesome, sounds like this phone really impressed you!",1,standard
My experience with this game was boring.,Sorry this game let you down — thanks for the feedback.,0,standard
The new album was genuinely boring.,"Sorry about that experience with the new album, we'll do better.",0,standard
The concert was genuinely awful.,Sorry the concert let you down — thanks for the feedback.,0,standard
My experience with this software update was mediocre.,We apologize for the trouble with this software update.,0,standard
"Honestly, this book turned out unreliable.",Sorry to hear this book didn't work out.,0,standard
"The new album was boring, overall.","Sorry about that experience with the new album, we'll do better.",0,standard
My experience with the new album was fantastic.,Thanks for sharing — happy the new album worked out so well!,1,standard
I found this laptop to be boring.,Sorry to hear this laptop didn't work out.,0,standard
The service was genuinely outstanding.,That's great to hear about the service!,1,standard
"Honestly, this phone turned out disappointing.",Sorry this phone let you down — thanks for the feedback.,0,standard
I found this course to be impressive.,Thanks for sharing — happy this course worked out so well!,1,standard
"This game was unsatisfactory, overall.","Sorry about that experience with this game, we'll do better.",0,standard
"In my opinion, this bakery is top-notch.","That's wonderful, thanks for letting us know about this bakery!",1,standard
The museum left me feeling it was enjoyable.,"Awesome, sounds like the museum really impressed you!",1,standard
This app left me feeling it was terrible.,"Sorry about that experience with this app, we'll do better.",0,standard
This jacket left me feeling it was boring.,We apologize for the trouble with this jacket.,0,standard
I found the flight to be terrible.,"That's disappointing to hear about the flight, sorry about that.",0,standard
The podcast was genuinely unreliable.,"That sounds frustrating, we'll look into the podcast.",0,standard
"In my opinion, the movie is impressive.",So glad you loved the movie!,1,standard
"The coffee was superb, overall.",Love that! Thanks for the kind words about the coffee.,1,standard
My experience with this phone was top-notch.,"Awesome, sounds like this phone really impressed you!",1,standard
I found the podcast to be satisfying.,Thanks for sharing — happy the podcast worked out so well!,1,standard
"In my opinion, the hotel room is outstanding.",So glad you loved the hotel room!,1,standard
The flight left me feeling it was disappointing.,"That sounds frustrating, we'll look into the flight.",0,standard
This book was genuinely terrible.,"That's disappointing to hear about this book, sorry about that.",0,standard
"In my opinion, the delivery is disappointing.",Sorry the delivery let you down — thanks for the feedback.,0,standard
I found this phone to be great.,So glad you loved this phone!,1,standard
"This bakery was reliable, overall.",Love that! Thanks for the kind words about this bakery.,1,standard
"Honestly, the customer support turned out reliable.",Love that! Thanks for the kind words about the customer support.,1,standard
I found this book to be fantastic.,So glad you loved this book!,1,standard
My experience with this app was fantastic.,That's great to hear about this app!,1,standard
This jacket left me feeling it was satisfying.,So glad you loved this jacket!,1,standard
My experience with the hotel room was terrible.,"That sounds frustrating, we'll look into the hotel room.",0,standard
The coffee was genuinely boring.,We apologize for the trouble with the coffee.,0,standard
"In my opinion, the new album is outstanding.",Thanks for sharing — happy the new album worked out so well!,1,standard
"In my opinion, the movie is reliable.",So glad you loved the movie!,1,standard
I found this course to be underwhelming.,Sorry this course let you down — thanks for the feedback.,0,standard
My experience with this show was wonderful.,So glad you loved this show!,1,standard
This camera was genuinely impressive.,Thanks for sharing — happy this camera worked out so well!,1,standard
"This camera was impressive, overall.","That's wonderful, thanks for letting us know about this camera!",1,standard
My experience with this course was subpar.,We apologize for the trouble with this course.,0,standard
This recipe left me feeling it was satisfying.,"That's wonderful, thanks for letting us know about this recipe!",1,standard
My experience with the gym membership was unreliable.,Sorry to hear the gym membership didn't work out.,0,standard
I found the flight to be awful.,Sorry to hear the flight didn't work out.,0,standard
My experience with this laptop was enjoyable.,That's great to hear about this laptop!,1,standard
This camera left me feeling it was terrible.,Sorry this camera let you down — thanks for the feedback.,0,standard
This jacket was genuinely fantastic.,Love that! Thanks for the kind words about this jacket.,1,standard
The museum was genuinely impressive.,"Awesome, sounds like the museum really impressed you!",1,standard
The service was genuinely unreliable.,"That sounds frustrating, we'll look into the service.",0,standard
The movie was genuinely great.,Thanks for sharing — happy the movie worked out so well!,1,standard
"In my opinion, this jacket is disappointing.",Sorry to hear this jacket didn't work out.,0,standard
"In my opinion, this phone is excellent.","That's wonderful, thanks for letting us know about this phone!",1,standard
My experience with this bakery was subpar.,"Sorry about that experience with this bakery, we'll do better.",0,standard
The podcast was genuinely mediocre.,We apologize for the trouble with the podcast.,0,standard
My experience with this software update was terrible.,We apologize for the trouble with this software update.,0,standard
"This camera was excellent, overall.","Awesome, sounds like this camera really impressed you!",1,standard
I found this camera to be well-made.,Thanks for sharing — happy this camera worked out so well!,1,standard
"In my opinion, the flight is frustrating.",Sorry to hear the flight didn't work out.,0,standard
"The concert was fantastic, overall.","Awesome, sounds like the concert really impressed you!",1,standard
My experience with this camera was well-made.,Thanks for sharing — happy this camera worked out so well!,1,standard
"In my opinion, the flight is terrible.","That's disappointing to hear about the flight, sorry about that.",0,standard
This recipe was genuinely unsatisfactory.,"That sounds frustrating, we'll look into this recipe.",0,standard
"This bakery was enjoyable, overall.",So glad you loved this bakery!,1,standard
"In my opinion, this jacket is wonderful.",That's great to hear about this jacket!,1,standard
This app left me feeling it was awful.,Sorry this app let you down — thanks for the feedback.,0,standard
The gym membership left me feeling it was wonderful.,Thanks for sharing — happy the gym membership worked out so well!,1,standard
The museum left me feeling it was well-made.,Love that! Thanks for the kind words about the museum.,1,standard
"In my opinion, the movie is fantastic.","Awesome, sounds like the movie really impressed you!",1,standard
The restaurant was genuinely outstanding.,"Awesome, sounds like the restaurant really impressed you!",1,standard
The coffee left me feeling it was top-notch.,So glad you loved the coffee!,1,standard
"In my opinion, the customer support is satisfying.",Thanks for sharing — happy the customer support worked out so well!,1,standard
The hotel room was genuinely impressive.,Thanks for sharing — happy the hotel room worked out so well!,1,standard
The gym membership was genuinely excellent.,Love that! Thanks for the kind words about the gym membership.,1,standard
The delivery left me feeling it was great.,So glad you loved the delivery!,1,standard
"Honestly, the gym membership turned out awful.",We apologize for the trouble with the gym membership.,0,standard
My experience with this bakery was frustrating.,Sorry this bakery let you down — thanks for the feedback.,0,standard
"The restaurant was excellent, overall.",Thanks for sharing — happy the restaurant worked out so well!,1,standard
This recipe was genuinely reliable.,So glad you loved this recipe!,1,standard
"The customer support was terrible, overall.","That's disappointing to hear about the customer support, sorry about that.",0,standard
This phone left me feeling it was terrible.,Sorry this phone let you down — thanks for the feedback.,0,standard
"In my opinion, the museum is satisfying.",Thanks for sharing — happy the museum worked out so well!,1,standard
This course was genuinely underwhelming.,"Sorry about that experience with this course, we'll do better.",0,standard
"The service was poorly made, overall.",We apologize for the trouble with the service.,0,standard
This book left me feeling it was poorly made.,"Sorry about that experience with this book, we'll do better.",0,standard
My experience with the movie was second-rate.,Sorry the movie let you down — thanks for the feedback.,0,standard
"In my opinion, the museum is well-made.",Love that! Thanks for the kind words about the museum.,1,standard
"The gym membership was subpar, overall.",Sorry the gym membership let you down — thanks for the feedback.,0,standard
I found the gym membership to be disappointing.,Sorry to hear the gym membership didn't work out.,0,standard
I found this show to be fantastic.,Love that! Thanks for the kind words about this show.,1,standard
"The customer support was boring, overall.",Sorry to hear the customer support didn't work out.,0,standard
"In my opinion, this book is top-notch.","That's wonderful, thanks for letting us know about this book!",1,standard
The coffee was genuinely disappointing.,Sorry the coffee let you down — thanks for the feedback.,0,standard
This recipe left me feeling it was poorly made.,We apologize for the trouble with this recipe.,0,standard
"The flight was disappointing, overall.","That sounds frustrating, we'll look into the flight.",0,standard
The flight left me feeling it was great.,"That's wonderful, thanks for letting us know about the flight!",1,standard
I found this laptop to be frustrating.,"That sounds frustrating, we'll look into this laptop.",0,standard
I found the service to be great.,So glad you loved the service!,1,standard
"The service was outstanding, overall.",Thanks for sharing — happy the service worked out so well!,1,standard
This phone left me feeling it was second-rate.,Sorry to hear this phone didn't work out.,0,standard
I found this laptop to be impressive.,That's great to hear about this laptop!,1,standard
"In my opinion, the museum is boring.",We apologize for the trouble with the museum.,0,standard
"Honestly, this software update turned out boring.","That sounds frustrating, we'll look into this software update.",0,standard
"Honestly, the delivery turned out boring.","That sounds frustrating, we'll look into the delivery.",0,standard
I found the podcast to be poorly made.,We apologize for the trouble with the podcast.,0,standard
This book left me feeling it was satisfying.,So glad you loved this book!,1,standard
My experience with this laptop was poorly made.,"That's disappointing to hear about this laptop, sorry about that.",0,standard
"In my opinion, the service is top-notch.","Awesome, sounds like the service really impressed you!",1,standard
"The podcast was second-rate, overall.","That sounds frustrating, we'll look into the podcast.",0,standard
"Honestly, this bakery turned out excellent.","That's wonderful, thanks for letting us know about this bakery!",1,standard
My experience with this course was well-made.,That's great to hear about this course!,1,standard
My experience with the new album was mediocre.,We apologize for the trouble with the new album.,0,standard
I found the gym membership to be unsatisfactory.,"Sorry about that experience with the gym membership, we'll do better.",0,standard
"The restaurant was subpar, overall.","Sorry about that experience with the restaurant, we'll do better.",0,standard
This game left me feeling it was great.,"Awesome, sounds like this game really impressed you!",1,standard
"The customer support was fantastic, overall.",Love that! Thanks for the kind words about the customer support.,1,standard
My experience with the customer support was outstanding.,That's great to hear about the customer support!,1,standard
"The flight was wonderful, overall.","Awesome, sounds like the flight really impressed you!",1,standard
"Honestly, this laptop turned out disappointing.",We apologize for the trouble with this laptop.,0,standard
"The concert was outstanding, overall.",So glad you loved the concert!,1,standard
The new album left me feeling it was disappointing.,"Sorry about that experience with the new album, we'll do better.",0,standard
"In my opinion, the hotel room is wonderful.",That's great to hear about the hotel room!,1,standard
"This recipe was excellent, overall.",So glad you loved this recipe!,1,standard
"Honestly, this recipe turned out fantastic.",That's great to hear about this recipe!,1,standard
This show left me feeling it was great.,That's great to hear about this show!,1,standard
This camera left me feeling it was reliable.,So glad you loved this camera!,1,standard
The concert was genuinely satisfying.,"That's wonderful, thanks for letting us know about the concert!",1,standard
My experience with the coffee was well-made.,That's great to hear about the coffee!,1,standard
"Honestly, the flight turned out reliable.",Thanks for sharing — happy the flight worked out so well!,1,standard
The flight was genuinely underwhelming.,"That sounds frustrating, we'll look into the flight.",0,standard
I found the customer support to be boring.,"That's disappointing to hear about the customer support, sorry about that.",0,standard
This recipe left me feeling it was terrible.,Sorry this recipe let you down — thanks for the feedback.,0,standard
"The museum was impressive, overall.",Thanks for sharing — happy the museum worked out so well!,1,standard
"This book was subpar, overall.","That's disappointing to hear about this book, sorry about that.",0,standard
"In my opinion, this camera is excellent.",So glad you loved this camera!,1,standard
This camera was genuinely subpar.,"Sorry about that experience with this camera, we'll do better.",0,standard
I found the customer support to be frustrating.,We apologize for the trouble with the customer support.,0,standard
"In my opinion, this game is superb.","Awesome, sounds like this game really impressed you!",1,standard
I found this camera to be excellent.,"Awesome, sounds like this camera really impressed you!",1,standard
"The service was subpar, overall.",We apologize for the trouble with the service.,0,standard
My experience with this bakery was impressive.,"That's wonderful, thanks for letting us know about this bakery!",1,standard
My experience with the museum was mediocre.,Sorry the museum let you down — thanks for the feedback.,0,standard
This app was genuinely well-made.,That's great to hear about this app!,1,standard
"In my opinion, this phone is underwhelming.","That's disappointing to hear about this phone, sorry about that.",0,standard
The gym membership was genuinely second-rate.,"That sounds frustrating, we'll look into the gym membership.",0,standard
"Honestly, the museum turned out fantastic.",That's great to hear about the museum!,1,standard
I found the restaurant to be awful.,We apologize for the trouble with the restaurant.,0,standard
This game left me feeling it was well-made.,So glad you loved this game!,1,standard
This course was genuinely enjoyable.,Love that! Thanks for the kind words about this course.,1,standard
My experience with the restaurant was disappointing.,"That's disappointing to hear about the restaurant, sorry about that.",0,standard
"Honestly, this software update turned out subpar.","That sounds frustrating, we'll look into this software update.",0,standard
"This course was boring, overall.",We apologize for the trouble with this course.,0,standard
The coffee left me feeling it was disappointing.,We apologize for the trouble with the coffee.,0,standard
I found this book to be disappointing.,"Sorry about that experience with this book, we'll do better.",0,standard
"The service was great, overall.",Love that! Thanks for the kind words about the service.,1,standard
This camera left me feeling it was boring.,"That sounds frustrating, we'll look into this camera.",0,standard
I found this recipe to be unsatisfactory.,We apologize for the trouble with this recipe.,0,standard
This course left me feeling it was fantastic.,So glad you loved this course!,1,standard
My experience with this camera was fantastic.,"That's wonderful, thanks for letting us know about this camera!",1,standard
My experience with this bakery was outstanding.,"Awesome, sounds like this bakery really impressed you!",1,standard
This phone left me feeling it was well-made.,That's great to hear about this phone!,1,standard
I found the customer support to be great.,"Awesome, sounds like the customer support really impressed you!",1,standard
"Honestly, the delivery turned out impressive.",Love that! Thanks for the kind words about the delivery.,1,standard
This laptop was genuinely terrible.,Sorry to hear this laptop didn't work out.,0,standard
My experience with the movie was disappointing.,Sorry to hear the movie didn't work out.,0,standard
"Honestly, this app turned out terrible.",We apologize for the trouble with this app.,0,standard
"Honestly, this recipe turned out subpar.","Sorry about that experience with this recipe, we'll do better.",0,standard
The podcast was genuinely excellent.,So glad you loved the podcast!,1,standard
This bakery left me feeling it was superb.,So glad you loved this bakery!,1,standard
My experience with the hotel room was great.,"That's wonderful, thanks for letting us know about the hotel room!",1,standard
My experience with this recipe was great.,So glad you loved this recipe!,1,standard
This recipe left me feeling it was superb.,"Awesome, sounds like this recipe really impressed you!",1,standard
This game was genuinely unreliable.,Sorry to hear this game didn't work out.,0,standard
The concert was genuinely frustrating.,"That sounds frustrating, we'll look into the concert.",0,standard
The new album was genuinely second-rate.,"Sorry about that experience with the new album, we'll do better.",0,standard
"In my opinion, this show is satisfying.",So glad you loved this show!,1,standard
My experience with this camera was unsatisfactory.,Sorry this camera let you down — thanks for the feedback.,0,standard
The flight was genuinely unreliable.,"That sounds frustrating, we'll look into the flight.",0,standard
"In my opinion, this bakery is disappointing.","Sorry about that experience with this bakery, we'll do better.",0,standard
The delivery left me feeling it was frustrating.,"That sounds frustrating, we'll look into the delivery.",0,standard
"Honestly, the service turned out satisfying.","Awesome, sounds like the service really impressed you!",1,standard
"In my opinion, the movie is disappointing.","That sounds frustrating, we'll look into the movie.",0,standard
"In my opinion, this software update is superb.",That's great to hear about this software update!,1,standard
This jacket left me feeling it was impressive.,So glad you loved this jacket!,1,standard
"The museum was unsatisfactory, overall.","That's disappointing to hear about the museum, sorry about that.",0,standard
This course left me feeling it was wonderful.,"Awesome, sounds like this course really impressed you!",1,standard
"The concert was superb, overall.",That's great to hear about the concert!,1,standard
"Honestly, the customer support turned out great.",Thanks for sharing — happy the customer support worked out so well!,1,standard
I found the delivery to be poorly made.,"Sorry about that experience with the delivery, we'll do better.",0,standard
The new album left me feeling it was mediocre.,"That's disappointing to hear about the new album, sorry about that.",0,standard
"In my opinion, this laptop is top-notch.",That's great to hear about this laptop!,1,standard
This book left me feeling it was outstanding.,"That's wonderful, thanks for letting us know about this book!",1,standard
My experience with the museum was subpar.,Sorry to hear the museum didn't work out.,0,standard
"Honestly, the restaurant turned out fantastic.",Love that! Thanks for the kind words about the restaurant.,1,standard
"Honestly, this jacket turned out unsatisfactory.",We apologize for the trouble with this jacket.,0,standard
"Honestly, this bakery turned out frustrating.",Sorry to hear this bakery didn't work out.,0,standard
The coffee was genuinely enjoyable.,Thanks for sharing — happy the coffee worked out so well!,1,standard
My experience with the customer support was frustrating.,We apologize for the trouble with the customer support.,0,standard
"In my opinion, this app is disappointing.",Sorry this app let you down — thanks for the feedback.,0,standard
This jacket was genuinely subpar.,"That sounds frustrating, we'll look into this jacket.",0,standard
"This show was disappointing, overall.",We apologize for the trouble with this show.,0,standard
"In my opinion, the coffee is frustrating.","That's disappointing to hear about the coffee, sorry about that.",0,standard
"Honestly, the restaurant turned out outstanding.",Love that! Thanks for the kind words about the restaurant.,1,standard
My experience with the customer support was subpar.,Sorry the customer support let you down — thanks for the feedback.,0,standard
This camera left me feeling it was outstanding.,Thanks for sharing — happy this camera worked out so well!,1,standard
The coffee was genuinely impressive.,That's great to hear about the coffee!,1,standard
"Honestly, the service turned out enjoyable.",That's great to hear about the service!,1,standard
"In my opinion, this recipe is impressive.",So glad you loved this recipe!,1,standard
"Honestly, the movie turned out awful.",Sorry to hear the movie didn't work out.,0,standard
"The gym membership was satisfying, overall.",So glad you loved the gym membership!,1,standard
I found this course to be frustrating.,"That's disappointing to hear about this course, sorry about that.",0,standard
The concert was genuinely excellent.,"Awesome, sounds like the concert really impressed you!",1,standard
My experience with this bakery was excellent.,"Awesome, sounds like this bakery really impressed you!",1,standard
The concert left me feeling it was unsatisfactory.,Sorry the concert let you down — thanks for the feedback.,0,standard
I found the museum to be frustrating.,"That's disappointing to hear about the museum, sorry about that.",0,standard
"Honestly, this camera turned out reliable.",So glad you loved this camera!,1,standard
The restaurant was genuinely superb.,Love that! Thanks for the kind words about the restaurant.,1,standard
This course was genuinely wonderful.,"Awesome, sounds like this course really impressed you!",1,standard
This app was genuinely satisfying.,That's great to hear about this app!,1,standard
This phone was genuinely second-rate.,Sorry to hear this phone didn't work out.,0,standard
My experience with the restaurant was unreliable.,"Sorry about that experience with the restaurant, we'll do better.",0,standard
"In my opinion, the museum is unreliable.",We apologize for the trouble with the museum.,0,standard
This show was genuinely disappointing.,We apologize for the trouble with this show.,0,standard
"The new album was underwhelming, overall.","That's disappointing to hear about the new album, sorry about that.",0,standard
The hotel room was genuinely excellent.,"Awesome, sounds like the hotel room really impressed you!",1,standard
"This app was well-made, overall.",That's great to hear about this app!,1,standard
My experience with the coffee was excellent.,"Awesome, sounds like the coffee really impressed you!",1,standard
This game left me feeling it was frustrating.,"That's disappointing to hear about this game, sorry about that.",0,standard
I found this book to be enjoyable.,So glad you loved this book!,1,standard
"This camera was satisfying, overall.",Love that! Thanks for the kind words about this camera.,1,standard
This recipe was genuinely impressive.,Love that! Thanks for the kind words about this recipe.,1,standard
"In my opinion, this book is impressive.",Thanks for sharing — happy this book worked out so well!,1,standard
This jacket left me feeling it was fantastic.,Love that! Thanks for the kind words about this jacket.,1,standard
"In my opinion, the restaurant is superb.",Love that! Thanks for the kind words about the restaurant.,1,standard
I found the service to be frustrating.,Sorry the service let you down — thanks for the feedback.,0,standard
"In my opinion, this bakery is outstanding.",Love that! Thanks for the kind words about this bakery.,1,standard
I found the coffee to be unreliable.,"That sounds frustrating, we'll look into the coffee.",0,standard
My experience with this course was underwhelming.,"Sorry about that experience with this course, we'll do better.",0,standard
This software update was genuinely impressive.,That's great to hear about this software update!,1,standard
"In my opinion, this software update is wonderful.",Thanks for sharing — happy this software update worked out so well!,1,standard
"Honestly, the new album turned out wonderful.","That's wonderful, thanks for letting us know about the new album!",1,standard
This course left me feeling it was well-made.,Thanks for sharing — happy this course worked out so well!,1,standard
This app left me feeling it was second-rate.,We apologize for the trouble with this app.,0,standard
I found this software update to be top-notch.,"Awesome, sounds like this software update really impressed you!",1,standard
My experience with this jacket was wonderful.,"That's wonderful, thanks for letting us know about this jacket!",1,standard
My experience with the gym membership was superb.,So glad you loved the gym membership!,1,standard
This app left me feeling it was top-notch.,Thanks for sharing — happy this app worked out so well!,1,standard
The customer support was genuinely wonderful.,Thanks for sharing — happy the customer support worked out so well!,1,standard
"Honestly, this book turned out reliable.","Awesome, sounds like this book really impressed you!",1,standard
"In my opinion, this book is disappointing.",We apologize for the trouble with this book.,0,standard
This book was genuinely unreliable.,"That sounds frustrating, we'll look into this book.",0,standard
I found this recipe to be satisfying.,That's great to hear about this recipe!,1,standard
I found this game to be frustrating.,"That sounds frustrating, we'll look into this game.",0,standard
I found this game to be wonderful.,"Awesome, sounds like this game really impressed you!",1,standard
"Honestly, the flight turned out superb.",Love that! Thanks for the kind words about the flight.,1,standard
I found the restaurant to be reliable.,"That's wonderful, thanks for letting us know about the restaurant!",1,standard
"In my opinion, this bakery is underwhelming.",Sorry this bakery let you down — thanks for the feedback.,0,standard
"In my opinion, this software update is outstanding.","That's wonderful, thanks for letting us know about this software update!",1,standard
My experience with the hotel room was superb.,That's great to hear about the hotel room!,1,standard
The museum left me feeling it was disappointing.,"That sounds frustrating, we'll look into the museum.",0,standard
My experience with the service was poorly made.,"That's disappointing to hear about the service, sorry about that.",0,standard
"This course was second-rate, overall.",Sorry this course let you down — thanks for the feedback.,0,standard
"Honestly, the museum turned out satisfying.",Thanks for sharing — happy the museum worked out so well!,1,standard
"The coffee was unreliable, overall.",We apologize for the trouble with the coffee.,0,standard
"The podcast was unsatisfactory, overall.","Sorry about that experience with the podcast, we'll do better.",0,standard
"Honestly, the coffee turned out well-made.",So glad you loved the coffee!,1,standard
My experience with this software update was superb.,"Awesome, sounds like this software update really impressed you!",1,standard
The concert was genuinely underwhelming.,"That's disappointing to hear about the concert, sorry about that.",0,standard
"In my opinion, the hotel room is excellent.",Thanks for sharing — happy the hotel room worked out so well!,1,standard
"Honestly, the museum turned out awful.","That sounds frustrating, we'll look into the museum.",0,standard
"In my opinion, the gym membership is wonderful.","Awesome, sounds like the gym membership really impressed you!",1,standard
This laptop left me feeling it was unsatisfactory.,"That's disappointing to hear about this laptop, sorry about that.",0,standard
I found the concert to be disappointing.,"Sorry about that experience with the concert, we'll do better.",0,standard
My experience with this show was top-notch.,Love that! Thanks for the kind words about this show.,1,standard
"Honestly, this bakery turned out awful.","That sounds frustrating, we'll look into this bakery.",0,standard
"The museum was frustrating, overall.",We apologize for the trouble with the museum.,0,standard
"Honestly, the restaurant turned out disappointing.",Sorry the restaurant let you down — thanks for the feedback.,0,standard
The podcast was genuinely wonderful.,"Awesome, sounds like the podcast really impressed you!",1,standard
I found this game to be outstanding.,Thanks for sharing — happy this game worked out so well!,1,standard
"In my opinion, the concert is awful.","That's disappointing to hear about the concert, sorry about that.",0,standard
"Honestly, the podcast turned out underwhelming.",We apologize for the trouble with the podcast.,0,standard
"This bakery was well-made, overall.",Love that! Thanks for the kind words about this bakery.,1,standard
"In my opinion, the new album is terrible.","Sorry about that experience with the new album, we'll do better.",0,standard
"In my opinion, this book is enjoyable.",Love that! Thanks for the kind words about this book.,1,standard
"This book was impressive, overall.",Love that! Thanks for the kind words about this book.,1,standard
This game was genuinely underwhelming.,"Sorry about that experience with this game, we'll do better.",0,standard
My experience with this software update was wonderful.,"That's wonderful, thanks for letting us know about this software update!",1,standard
This software update was genuinely underwhelming.,"Sorry about that experience with this software update, we'll do better.",0,standard
I found the service to be disappointing.,Sorry the service let you down — thanks for the feedback.,0,standard
My experience with the museum was second-rate.,Sorry to hear the museum didn't work out.,0,standard
"Honestly, the concert turned out boring.",We apologize for the trouble with the concert.,0,standard
My experience with the concert was satisfying.,"That's wonderful, thanks for letting us know about the concert!",1,standard
The new album left me feeling it was impressive.,So glad you loved the new album!,1,standard
I found the hotel room to be frustrating.,We apologize for the trouble with the hotel room.,0,standard
"This jacket was mediocre, overall.",Sorry this jacket let you down — thanks for the feedback.,0,standard
"Honestly, the gym membership turned out well-made.",Love that! Thanks for the kind words about the gym membership.,1,standard
"This phone was excellent, overall.","Awesome, sounds like this phone really impressed you!",1,standard
I found this bakery to be top-notch.,Thanks for sharing — happy this bakery worked out so well!,1,standard
"In my opinion, this bakery is great.","Awesome, sounds like this bakery really impressed you!",1,standard
I found the movie to be unreliable.,"That's disappointing to hear about the movie, sorry about that.",0,standard
"Honestly, the restaurant turned out mediocre.","That's disappointing to hear about the restaurant, sorry about that.",0,standard
This jacket left me feeling it was enjoyable.,Love that! Thanks for the kind words about this jacket.,1,standard
"The coffee was second-rate, overall.",Sorry to hear the coffee didn't work out.,0,standard
I found this laptop to be satisfying.,Thanks for sharing — happy this laptop worked out so well!,1,standard
This jacket was genuinely wonderful.,Love that! Thanks for the kind words about this jacket.,1,standard
I found the delivery to be underwhelming.,"Sorry about that experience with the delivery, we'll do better.",0,standard
"In my opinion, this game is frustrating.","Sorry about that experience with this game, we'll do better.",0,standard
"The hotel room was poorly made, overall.",Sorry to hear the hotel room didn't work out.,0,standard
"The delivery was outstanding, overall.",Love that! Thanks for the kind words about the delivery.,1,standard
"Honestly, the service turned out top-notch.","That's wonderful, thanks for letting us know about the service!",1,standard
"Honestly, the service turned out poorly made.","That sounds frustrating, we'll look into the service.",0,standard
"This phone was boring, overall.",Sorry this phone let you down — thanks for the feedback.,0,standard
I found the museum to be awful.,"That's disappointing to hear about the museum, sorry about that.",0,standard
My experience with the flight was underwhelming.,Sorry to hear the flight didn't work out.,0,standard
I found this game to be subpar.,Sorry this game let you down — thanks for the feedback.,0,standard
My experience with the coffee was disappointing.,"That's disappointing to hear about the coffee, sorry about that.",0,standard
"Honestly, this bakery turned out second-rate.",Sorry this bakery let you down — thanks for the feedback.,0,standard
The delivery left me feeling it was mediocre.,"That's disappointing to hear about the delivery, sorry about that.",0,standard
"Honestly, the new album turned out reliable.","Awesome, sounds like the new album really impressed you!",1,standard
I found the museum to be impressive.,So glad you loved the museum!,1,standard
"Honestly, the podcast turned out wonderful.",That's great to hear about the podcast!,1,standard
My experience with this recipe was impressive.,"Awesome, sounds like this recipe really impressed you!",1,standard
I found the new album to be reliable.,That's great to hear about the new album!,1,standard
I found the gym membership to be enjoyable.,That's great to hear about the gym membership!,1,standard
"Honestly, this camera turned out terrible.",Sorry to hear this camera didn't work out.,0,standard
"In my opinion, this game is outstanding.","That's wonderful, thanks for letting us know about this game!",1,standard
"The coffee was unsatisfactory, overall.","That's disappointing to hear about the coffee, sorry about that.",0,standard
The coffee was genuinely superb.,So glad you loved the coffee!,1,standard
The coffee left me feeling it was unsatisfactory.,Sorry to hear the coffee didn't work out.,0,standard
This phone was genuinely wonderful.,That's great to hear about this phone!,1,standard
I found this recipe to be mediocre.,Sorry this recipe let you down — thanks for the feedback.,0,standard
"In my opinion, this camera is frustrating.","Sorry about that experience with this camera, we'll do better.",0,standard
This app left me feeling it was unreliable.,Sorry to hear this app didn't work out.,0,standard
This book left me feeling it was impressive.,"That's wonderful, thanks for letting us know about this book!",1,standard
My experience with this app was excellent.,"Awesome, sounds like this app really impressed you!",1,standard
"The concert was subpar, overall.",We apologize for the trouble with the concert.,0,standard
The restaurant left me feeling it was superb.,So glad you loved the restaurant!,1,standard
"In my opinion, the flight is top-notch.","That's wonderful, thanks for letting us know about the flight!",1,standard
"Honestly, the customer support turned out awful.",We apologize for the trouble with the customer support.,0,standard
"In my opinion, this recipe is disappointing.",Sorry this recipe let you down — thanks for the feedback.,0,standard
This phone left me feeling it was unreliable.,"That's disappointing to hear about this phone, sorry about that.",0,standard
My experience with this camera was great.,"Awesome, sounds like this camera really impressed you!",1,standard
I found the movie to be impressive.,Love that! Thanks for the kind words about the movie.,1,standard
"The gym membership was disappointing, overall.","That sounds frustrating, we'll look into the gym membership.",0,standard
"This recipe was well-made, overall.",So glad you loved this recipe!,1,standard
"The concert was enjoyable, overall.","That's wonderful, thanks for letting us know about the concert!",1,standard
This recipe was genuinely enjoyable.,"That's wonderful, thanks for letting us know about this recipe!",1,standard
"This course was awful, overall.",Sorry this course let you down — thanks for the feedback.,0,standard
My experience with the podcast was awful.,Sorry to hear the podcast didn't work out.,0,standard
This show was genuinely subpar.,Sorry this show let you down — thanks for the feedback.,0,standard
This course left me feeling it was disappointing.,"That sounds frustrating, we'll look into this course.",0,standard
This game left me feeling it was underwhelming.,We apologize for the trouble with this game.,0,standard
My experience with this bakery was wonderful.,So glad you loved this bakery!,1,standard
"In my opinion, this phone is frustrating.","Sorry about that experience with this phone, we'll do better.",0,standard
My experience with this book was mediocre.,"That's disappointing to hear about this book, sorry about that.",0,standard
"This camera was superb, overall.",That's great to hear about this camera!,1,standard
The movie left me feeling it was great.,"Awesome, sounds like the movie really impressed you!",1,standard
This app was genuinely enjoyable.,Love that! Thanks for the kind words about this app.,1,standard
"This app was mediocre, overall.",Sorry to hear this app didn't work out.,0,standard
The podcast left me feeling it was awful.,We apologize for the trouble with the podcast.,0,standard
My experience with the movie was wonderful.,Love that! Thanks for the kind words about the movie.,1,standard
My experience with this phone was wonderful.,That's great to hear about this phone!,1,standard
I found the coffee to be outstanding.,Love that! Thanks for the kind words about the coffee.,1,standard
"In my opinion, the hotel room is well-made.",Love that! Thanks for the kind words about the hotel room.,1,standard
"Honestly, this laptop turned out reliable.",Thanks for sharing — happy this laptop worked out so well!,1,standard
My experience with the restaurant was subpar.,"That's disappointing to hear about the restaurant, sorry about that.",0,standard
"Honestly, this camera turned out wonderful.",Love that! Thanks for the kind words about this camera.,1,standard
This software update left me feeling it was fantastic.,"That's wonderful, thanks for letting us know about this software update!",1,standard
The museum left me feeling it was underwhelming.,Sorry to hear the museum didn't work out.,0,standard
"In my opinion, this show is top-notch.",Love that! Thanks for the kind words about this show.,1,standard
The coffee was genuinely awful.,"Sorry about that experience with the coffee, we'll do better.",0,standard
"Honestly, this app turned out excellent.",Love that! Thanks for the kind words about this app.,1,standard
This phone was genuinely subpar.,Sorry to hear this phone didn't work out.,0,standard
This app was genuinely outstanding.,Love that! Thanks for the kind words about this app.,1,standard
"In my opinion, the new album is mediocre.",Sorry to hear the new album didn't work out.,0,standard
My experience with this app was top-notch.,Love that! Thanks for the kind words about this app.,1,standard
This bakery was genuinely mediocre.,"Sorry about that experience with this bakery, we'll do better.",0,standard
"In my opinion, this book is fantastic.","Awesome, sounds like this book really impressed you!",1,standard
This camera was genuinely satisfying.,"Awesome, sounds like this camera really impressed you!",1,standard
This camera left me feeling it was excellent.,Thanks for sharing — happy this camera worked out so well!,1,standard
I found the service to be satisfying.,"Awesome, sounds like the service really impressed you!",1,standard
This course was genuinely satisfying.,That's great to hear about this course!,1,standard
My experience with this phone was boring.,"Sorry about that experience with this phone, we'll do better.",0,standard
The concert left me feeling it was great.,"Awesome, sounds like the concert really impressed you!",1,standard
The restaurant was genuinely unsatisfactory.,Sorry the restaurant let you down — thanks for the feedback.,0,standard
"The podcast was impressive, overall.","Awesome, sounds like the podcast really impressed you!",1,standard
"Honestly, this book turned out top-notch.",So glad you loved this book!,1,standard
This camera was genuinely boring.,"Sorry about that experience with this camera, we'll do better.",0,standard
"In my opinion, this course is boring.",We apologize for the trouble with this course.,0,standard
I found this software update to be well-made.,So glad you loved this software update!,1,standard
"Honestly, this camera turned out underwhelming.","Sorry about that experience with this camera, we'll do better.",0,standard
This app left me feeling it was well-made.,Love that! Thanks for the kind words about this app.,1,standard
"The delivery was fantastic, overall.",So glad you loved the delivery!,1,standard
"Honestly, this book turned out great.",Thanks for sharing — happy this book worked out so well!,1,standard
"In my opinion, this phone is enjoyable.",Love that! Thanks for the kind words about this phone.,1,standard
The podcast left me feeling it was top-notch.,"Awesome, sounds like the podcast really impressed you!",1,standard
This laptop left me feeling it was mediocre.,"That sounds frustrating, we'll look into this laptop.",0,standard
"Honestly, the restaurant turned out terrible.",We apologize for the trouble with the restaurant.,0,standard
This jacket was genuinely unreliable.,"That sounds frustrating, we'll look into this jacket.",0,standard
"This course was disappointing, overall.","Sorry about that experience with this course, we'll do better.",0,standard
"The gym membership was second-rate, overall.",We apologize for the trouble with the gym membership.,0,standard
My experience with this app was wonderful.,"Awesome, sounds like this app really impressed you!",1,standard
My experience with the museum was boring.,Sorry to hear the museum didn't work out.,0,standard
"This course was subpar, overall.",Sorry to hear this course didn't work out.,0,standard
"This course was fantastic, overall.",So glad you loved this course!,1,standard
This app left me feeling it was boring.,"Sorry about that experience with this app, we'll do better.",0,standard
I found the coffee to be boring.,We apologize for the trouble with the coffee.,0,standard
The customer support was genuinely awful.,We apologize for the trouble with the customer support.,0,standard
"The flight was fantastic, overall.",Love that! Thanks for the kind words about the flight.,1,standard
My experience with the customer support was awful.,"That sounds frustrating, we'll look into the customer support.",0,standard
"The restaurant was terrible, overall.","That sounds frustrating, we'll look into the restaurant.",0,standard
"This camera was wonderful, overall.",That's great to hear about this camera!,1,standard
"In my opinion, this app is terrible.",Sorry this app let you down — thanks for the feedback.,0,standard
"Honestly, this software update turned out well-made.","Awesome, sounds like this software update really impressed you!",1,standard
"Honestly, the coffee turned out unreliable.","Sorry about that experience with the coffee, we'll do better.",0,standard
"This phone was great, overall.",That's great to hear about this phone!,1,standard
"In my opinion, this course is second-rate.",We apologize for the trouble with this course.,0,standard
"Honestly, this jacket turned out enjoyable.",Love that! Thanks for the kind words about this jacket.,1,standard
"In my opinion, this app is second-rate.","That's disappointing to hear about this app, sorry about that.",0,standard
This game left me feeling it was unreliable.,Sorry this game let you down — thanks for the feedback.,0,standard
"Honestly, the concert turned out superb.",That's great to hear about the concert!,1,standard
"In my opinion, the coffee is unreliable.","That's disappointing to hear about the coffee, sorry about that.",0,standard
This app was genuinely subpar.,We apologize for the trouble with this app.,0,standard
The concert was genuinely fantastic.,Love that! Thanks for the kind words about the concert.,1,standard
"In my opinion, this recipe is excellent.",Thanks for sharing — happy this recipe worked out so well!,1,standard
"Honestly, the delivery turned out unsatisfactory.","That sounds frustrating, we'll look into the delivery.",0,standard
My experience with this book was second-rate.,"Sorry about that experience with this book, we'll do better.",0,standard
"In my opinion, the new album is frustrating.","That sounds frustrating, we'll look into the new album.",0,standard
"Honestly, the delivery turned out underwhelming.","That sounds frustrating, we'll look into the delivery.",0,standard
I found the restaurant to be excellent.,"Awesome, sounds like the restaurant really impressed you!",1,standard
"The gym membership was boring, overall.","Sorry about that experience with the gym membership, we'll do better.",0,standard
"Honestly, the concert turned out excellent.",Thanks for sharing — happy the concert worked out so well!,1,standard
This phone was genuinely poorly made.,Sorry this phone let you down — thanks for the feedback.,0,standard
My experience with the customer support was top-notch.,Thanks for sharing — happy the customer support worked out so well!,1,standard
"Honestly, this game turned out impressive.",That's great to hear about this game!,1,standard
I found this jacket to be boring.,Sorry to hear this jacket didn't work out.,0,standard
My experience with the gym membership was second-rate.,Sorry the gym membership let you down — thanks for the feedback.,0,standard
"The hotel room was wonderful, overall.","That's wonderful, thanks for letting us know about the hotel room!",1,standard
"Honestly, the service turned out underwhelming.","That's disappointing to hear about the service, sorry about that.",0,standard
"The museum was outstanding, overall.","Awesome, sounds like the museum really impressed you!",1,standard
My experience with the delivery was impressive.,"Awesome, sounds like the delivery really impressed you!",1,standard
"In my opinion, the flight is fantastic.",Thanks for sharing — happy the flight worked out so well!,1,standard
I found the restaurant to be frustrating.,"Sorry about that experience with the restaurant, we'll do better.",0,standard
"Honestly, this recipe turned out poorly made.","That's disappointing to hear about this recipe, sorry about that.",0,standard
"Honestly, the gym membership turned out poorly made.",Sorry the gym membership let you down — thanks for the feedback.,0,standard
I found the customer support to be excellent.,"Awesome, sounds like the customer support really impressed you!",1,standard
My experience with the gym membership was boring.,Sorry the gym membership let you down — thanks for the feedback.,0,standard
"Honestly, this phone turned out unsatisfactory.",Sorry to hear this phone didn't work out.,0,standard
This software update was genuinely outstanding.,Thanks for sharing — happy this software update worked out so well!,1,standard
My experience with the delivery was outstanding.,"That's wonderful, thanks for letting us know about the delivery!",1,standard
"Honestly, the museum turned out impressive.","That's wonderful, thanks for letting us know about the museum!",1,standard
The movie left me feeling it was impressive.,That's great to hear about the movie!,1,standard
"In my opinion, this course is satisfying.","That's wonderful, thanks for letting us know about this course!",1,standard
"Honestly, the flight turned out well-made.",Love that! Thanks for the kind words about the flight.,1,standard
"Honestly, this show turned out reliable.","That's wonderful, thanks for letting us know about this show!",1,standard
The movie left me feeling it was poorly made.,"That sounds frustrating, we'll look into the movie.",0,standard
This software update left me feeling it was wonderful.,Thanks for sharing — happy this software update worked out so well!,1,standard
This app was genuinely top-notch.,Thanks for sharing — happy this app worked out so well!,1,standard
"This bakery was second-rate, overall.",Sorry to hear this bakery didn't work out.,0,standard
I found the podcast to be terrible.,We apologize for the trouble with the podcast.,0,standard
I found this phone to be poorly made.,Sorry this phone let you down — thanks for the feedback.,0,standard
"Honestly, this app turned out great.",That's great to hear about this app!,1,standard
"In my opinion, this camera is wonderful.",Thanks for sharing — happy this camera worked out so well!,1,standard
"Honestly, this game turned out excellent.","That's wonderful, thanks for letting us know about this game!",1,standard
"In my opinion, this recipe is second-rate.",We apologize for the trouble with this recipe.,0,standard
"The customer support was mediocre, overall.",Sorry the customer support let you down — thanks for the feedback.,0,standard
My experience with the flight was subpar.,Sorry to hear the flight didn't work out.,0,standard
"Honestly, the customer support turned out subpar.","That's disappointing to hear about the customer support, sorry about that.",0,standard
"This phone was subpar, overall.",Sorry this phone let you down — thanks for the feedback.,0,standard
"In my opinion, the podcast is superb.","Awesome, sounds like the podcast really impressed you!",1,standard
"Honestly, the customer support turned out top-notch.",Love that! Thanks for the kind words about the customer support.,1,standard
"In my opinion, this laptop is terrible.",We apologize for the trouble with this laptop.,0,standard
"This game was second-rate, overall.","That's disappointing to hear about this game, sorry about that.",0,standard
The flight was genuinely reliable.,Thanks for sharing — happy the flight worked out so well!,1,standard
"Honestly, the coffee turned out top-notch.",Love that! Thanks for the kind words about the coffee.,1,standard
The flight left me feeling it was boring.,We apologize for the trouble with the flight.,0,standard
The service left me feeling it was well-made.,"Awesome, sounds like the service really impressed you!",1,standard
The concert left me feeling it was satisfying.,Thanks for sharing — happy the concert worked out so well!,1,standard
The museum left me feeling it was frustrating.,We apologize for the trouble with the museum.,0,standard
My experience with this jacket was fantastic.,"Awesome, sounds like this jacket really impressed you!",1,standard
The movie was genuinely top-notch.,"Awesome, sounds like the movie really impressed you!",1,standard
"In my opinion, this software update is reliable.",Love that! Thanks for the kind words about this software update.,1,standard
The restaurant left me feeling it was terrible.,We apologize for the trouble with the restaurant.,0,standard
"Honestly, the delivery turned out second-rate.",Sorry the delivery let you down — thanks for the feedback.,0,standard
"In my opinion, this laptop is reliable.",That's great to hear about this laptop!,1,standard
This course left me feeling it was awful.,Sorry to hear this course didn't work out.,0,standard
"Honestly, the new album turned out underwhelming.","That's disappointing to hear about the new album, sorry about that.",0,standard
My experience with this recipe was fantastic.,"That's wonderful, thanks for letting us know about this recipe!",1,standard
"The delivery was superb, overall.",Thanks for sharing — happy the delivery worked out so well!,1,standard
"In my opinion, this book is great.","That's wonderful, thanks for letting us know about this book!",1,standard
"Honestly, the delivery turned out frustrating.","That sounds frustrating, we'll look into the delivery.",0,standard
"In my opinion, this show is poorly made.",We apologize for the trouble with this show.,0,standard
"This book was mediocre, overall.",Sorry this book let you down — thanks for the feedback.,0,standard
"The delivery was mediocre, overall.","Sorry about that experience with the delivery, we'll do better.",0,standard
I found the restaurant to be superb.,So glad you loved the restaurant!,1,standard
My experience with this laptop was subpar.,Sorry to hear this laptop didn't work out.,0,standard
This camera left me feeling it was enjoyable.,Love that! Thanks for the kind words about this camera.,1,standard
My experience with this camera was impressive.,"That's wonderful, thanks for letting us know about this camera!",1,standard
I found the hotel room to be impressive.,"Awesome, sounds like the hotel room really impressed you!",1,standard
This book left me feeling it was boring.,"That sounds frustrating, we'll look into this book.",0,standard
"Honestly, this laptop turned out awful.","That's disappointing to hear about this laptop, sorry about that.",0,standard
This recipe left me feeling it was subpar.,Sorry this recipe let you down — thanks for the feedback.,0,standard
"In my opinion, the customer support is great.",That's great to hear about the customer support!,1,standard
My experience with this game was excellent.,"Awesome, sounds like this game really impressed you!",1,standard
"Honestly, this camera turned out great.","That's wonderful, thanks for letting us know about this camera!",1,standard
The podcast left me feeling it was poorly made.,"Sorry about that experience with the podcast, we'll do better.",0,standard
The hotel room left me feeling it was top-notch.,Love that! Thanks for the kind words about the hotel room.,1,standard
The customer support was genuinely fantastic.,That's great to hear about the customer support!,1,standard
My experience with the museum was top-notch.,"Awesome, sounds like the museum really impressed you!",1,standard
My experience with this camera was second-rate.,"That's disappointing to hear about this camera, sorry about that.",0,standard
This show left me feeling it was unsatisfactory.,"Sorry about that experience with this show, we'll do better.",0,standard
"This jacket was unreliable, overall.","That's disappointing to hear about this jacket, sorry about that.",0,standard
This show left me feeling it was boring.,"That's disappointing to hear about this show, sorry about that.",0,standard
My experience with this show was awful.,"That sounds frustrating, we'll look into this show.",0,standard
"Honestly, this laptop turned out top-notch.",That's great to hear about this laptop!,1,standard
"Honestly, this show turned out mediocre.",Sorry to hear this show didn't work out.,0,standard
I found this bakery to be unsatisfactory.,Sorry to hear this bakery didn't work out.,0,standard
This camera was genuinely great.,Thanks for sharing — happy this camera worked out so well!,1,standard
The new album left me feeling it was terrible.,We apologize for the trouble with the new album.,0,standard
I found this phone to be underwhelming.,We apologize for the trouble with this phone.,0,standard
The flight left me feeling it was unreliable.,"That's disappointing to hear about the flight, sorry about that.",0,standard
"In my opinion, this phone is outstanding.",That's great to hear about this phone!,1,standard
This laptop was genuinely awful.,Sorry to hear this laptop didn't work out.,0,standard
I found the concert to be outstanding.,Love that! Thanks for the kind words about the concert.,1,standard
The new album left me feeling it was outstanding.,"Awesome, sounds like the new album really impressed you!",1,standard
"This jacket was wonderful, overall.",So glad you loved this jacket!,1,standard
"Honestly, this book turned out terrible.",Sorry this book let you down — thanks for the feedback.,0,standard
My experience with the hotel room was second-rate.,"Sorry about that experience with the hotel room, we'll do better.",0,standard
The hotel room left me feeling it was unsatisfactory.,Sorry the hotel room let you down — thanks for the feedback.,0,standard
"Honestly, this show turned out satisfying.",Love that! Thanks for the kind words about this show.,1,standard
"The movie was fantastic, overall.",Love that! Thanks for the kind words about the movie.,1,standard
"The podcast was wonderful, overall.","Awesome, sounds like the podcast really impressed you!",1,standard
The new album was genuinely satisfying.,"That's wonderful, thanks for letting us know about the new album!",1,standard
"The movie was awful, overall.",Sorry the movie let you down — thanks for the feedback.,0,standard
My experience with the gym membership was enjoyable.,So glad you loved the gym membership!,1,standard
I found the museum to be unreliable.,Sorry to hear the museum didn't work out.,0,standard
I found the restaurant to be underwhelming.,Sorry to hear the restaurant didn't work out.,0,standard
"The restaurant was enjoyable, overall.","That's wonderful, thanks for letting us know about the restaurant!",1,standard
I found this recipe to be wonderful.,"Awesome, sounds like this recipe really impressed you!",1,standard
"The podcast was disappointing, overall.",We apologize for the trouble with the podcast.,0,standard
"Honestly, the new album turned out impressive.",Love that! Thanks for the kind words about the new album.,1,standard
"Honestly, this jacket turned out wonderful.",Thanks for sharing — happy this jacket worked out so well!,1,standard
The coffee was genuinely fantastic.,That's great to hear about the coffee!,1,standard
This bakery left me feeling it was fantastic.,"Awesome, sounds like this bakery really impressed you!",1,standard
This bakery was genuinely underwhelming.,We apologize for the trouble with this bakery.,0,standard
"In my opinion, this bakery is satisfying.",That's great to hear about this bakery!,1,standard
I found this course to be fantastic.,"That's wonderful, thanks for letting us know about this course!",1,standard
I found this show to be poorly made.,Sorry to hear this show didn't work out.,0,standard
"Honestly, the flight turned out terrible.",We apologize for the trouble with the flight.,0,standard
My experience with this show was boring.,Sorry to hear this show didn't work out.,0,standard
The flight was genuinely subpar.,Sorry to hear the flight didn't work out.,0,standard
"The delivery was disappointing, overall.","Sorry about that experience with the delivery, we'll do better.",0,standard
I found this app to be terrible.,"Sorry about that experience with this app, we'll do better.",0,standard
My experience with this app was second-rate.,Sorry this app let you down — thanks for the feedback.,0,standard
The new album was genuinely excellent.,That's great to hear about the new album!,1,standard
This course was genuinely second-rate.,We apologize for the trouble with this course.,0,standard
"The movie was great, overall.",Love that! Thanks for the kind words about the movie.,1,standard
"Honestly, this app turned out second-rate.",Sorry to hear this app didn't work out.,0,standard
My experience with this jacket was unreliable.,Sorry this jacket let you down — thanks for the feedback.,0,standard
"Honestly, the service turned out unreliable.","That sounds frustrating, we'll look into the service.",0,standard
"This recipe was enjoyable, overall.","Awesome, sounds like this recipe really impressed you!",1,standard
"This show was reliable, overall.","That's wonderful, thanks for letting us know about this show!",1,standard
"The delivery was impressive, overall.","Awesome, sounds like the delivery really impressed you!",1,standard
I found the customer support to be underwhelming.,Sorry the customer support let you down — thanks for the feedback.,0,standard
The hotel room left me feeling it was awful.,"Sorry about that experience with the hotel room, we'll do better.",0,standard
"Honestly, the concert turned out wonderful.","That's wonderful, thanks for letting us know about the concert!",1,standard
The service was genuinely frustrating.,Sorry the service let you down — thanks for the feedback.,0,standard
"This jacket was well-made, overall.",Love that! Thanks for the kind words about this jacket.,1,standard
"Honestly, the concert turned out second-rate.",We apologize for the trouble with the concert.,0,standard
I found the concert to be excellent.,That's great to hear about the concert!,1,standard
This software update was genuinely subpar.,We apologize for the trouble with this software update.,0,standard
My experience with the museum was unsatisfactory.,Sorry the museum let you down — thanks for the feedback.,0,standard
I found the museum to be mediocre.,Sorry to hear the museum didn't work out.,0,standard
"In my opinion, the movie is great.",Thanks for sharing — happy the movie worked out so well!,1,standard
I found this bakery to be great.,Thanks for sharing — happy this bakery worked out so well!,1,standard
The service was genuinely well-made.,"That's wonderful, thanks for letting us know about the service!",1,standard
This course left me feeling it was underwhelming.,"Sorry about that experience with this course, we'll do better.",0,standard
My experience with this app was terrible.,Sorry this app let you down — thanks for the feedback.,0,standard
"Honestly, the gym membership turned out boring.","Sorry about that experience with the gym membership, we'll do better.",0,standard
"In my opinion, the hotel room is underwhelming.",We apologize for the trouble with the hotel room.,0,standard
My experience with the restaurant was impressive.,"Awesome, sounds like the restaurant really impressed you!",1,standard
My experience with this laptop was outstanding.,"That's wonderful, thanks for letting us know about this laptop!",1,standard
"This book was excellent, overall.",So glad you loved this book!,1,standard
This app left me feeling it was reliable.,"That's wonderful, thanks for letting us know about this app!",1,standard
"The new album was impressive, overall.","Awesome, sounds like the new album really impressed you!",1,standard
"Honestly, the customer support turned out mediocre.","Sorry about that experience with the customer support, we'll do better.",0,standard
"In my opinion, this camera is well-made.","Awesome, sounds like this camera really impressed you!",1,standard
My experience with this app was unreliable.,We apologize for the trouble with this app.,0,standard
"Honestly, the flight turned out subpar.",Sorry to hear the flight didn't work out.,0,standard
"In my opinion, this laptop is great.","That's wonderful, thanks for letting us know about this laptop!",1,standard
"Honestly, the service turned out second-rate.",Sorry to hear the service didn't work out.,0,standard
"Honestly, the hotel room turned out impressive.",Love that! Thanks for the kind words about the hotel room.,1,standard
My experience with this camera was terrible.,"Sorry about that experience with this camera, we'll do better.",0,standard
I found the restaurant to be poorly made.,Sorry to hear the restaurant didn't work out.,0,standard
The gym membership was genuinely superb.,So glad you loved the gym membership!,1,standard
"Honestly, this show turned out impressive.",That's great to hear about this show!,1,standard
My experience with the podcast was satisfying.,Love that! Thanks for the kind words about the podcast.,1,standard
"This jacket was frustrating, overall.","That's disappointing to hear about this jacket, sorry about that.",0,standard
"The customer support was great, overall.",Thanks for sharing — happy the customer support worked out so well!,1,standard
"Honestly, this laptop turned out outstanding.",Thanks for sharing — happy this laptop worked out so well!,1,standard
"In my opinion, the flight is mediocre.","That's disappointing to hear about the flight, sorry about that.",0,standard
My experience with the concert was subpar.,Sorry the concert let you down — thanks for the feedback.,0,standard
"This laptop was enjoyable, overall.",Thanks for sharing — happy this laptop worked out so well!,1,standard
I found the podcast to be impressive.,"Awesome, sounds like the podcast really impressed you!",1,standard
"This app was fantastic, overall.",Thanks for sharing — happy this app worked out so well!,1,standard
I found the movie to be well-made.,So glad you loved the movie!,1,standard
I found the restaurant to be well-made.,So glad you loved the restaurant!,1,standard
"The gym membership was fantastic, overall.","Awesome, sounds like the gym membership really impressed you!",1,standard
This bakery was genuinely fantastic.,That's great to hear about this bakery!,1,standard
The new album left me feeling it was underwhelming.,"That sounds frustrating, we'll look into the new album.",0,standard
The restaurant was genuinely satisfying.,That's great to hear about the restaurant!,1,standard
My experience with this course was superb.,So glad you loved this course!,1,standard
"This bakery was fantastic, overall.",That's great to hear about this bakery!,1,standard
"The restaurant was impressive, overall.",Love that! Thanks for the kind words about the restaurant.,1,standard
This show was genuinely frustrating.,Sorry to hear this show didn't work out.,0,standard
I found the customer support to be disappointing.,"Sorry about that experience with the customer support, we'll do better.",0,standard
This laptop left me feeling it was poorly made.,Sorry this laptop let you down — thanks for the feedback.,0,standard
"The coffee was well-made, overall.","That's wonderful, thanks for letting us know about the coffee!",1,standard
"In my opinion, this game is terrible.","That's disappointing to hear about this game, sorry about that.",0,standard
The podcast was genuinely top-notch.,That's great to hear about the podcast!,1,standard
The restaurant was genuinely subpar.,Sorry the restaurant let you down — thanks for the feedback.,0,standard
I found the delivery to be terrible.,"That's disappointing to hear about the delivery, sorry about that.",0,standard
This course was genuinely fantastic.,So glad you loved this course!,1,standard
My experience with the gym membership was terrible.,"That's disappointing to hear about the gym membership, sorry about that.",0,standard
The museum was genuinely superb.,Thanks for sharing — happy the museum worked out so well!,1,standard
"Honestly, the service turned out subpar.","That sounds frustrating, we'll look into the service.",0,standard
This software update was genuinely unreliable.,"That sounds frustrating, we'll look into this software update.",0,standard
"Honestly, the movie turned out unsatisfactory.","Sorry about that experience with the movie, we'll do better.",0,standard
"The gym membership was outstanding, overall.",That's great to hear about the gym membership!,1,standard
"In my opinion, the gym membership is second-rate.","Sorry about that experience with the gym membership, we'll do better.",0,standard
I found this software update to be satisfying.,"Awesome, sounds like this software update really impressed you!",1,standard
"This game was impressive, overall.",Love that! Thanks for the kind words about this game.,1,standard
This show was genuinely top-notch.,Thanks for sharing — happy this show worked out so well!,1,standard
The coffee left me feeling it was frustrating.,We apologize for the trouble with the coffee.,0,standard
My experience with this software update was excellent.,So glad you loved this software update!,1,standard
This course was genuinely terrible.,"That's disappointing to hear about this course, sorry about that.",0,standard
My experience with this bakery was great.,"That's wonderful, thanks for letting us know about this bakery!",1,standard
My experience with this recipe was satisfying.,So glad you loved this recipe!,1,standard
The gym membership left me feeling it was terrible.,We apologize for the trouble with the gym membership.,0,standard
I found this software update to be poorly made.,"Sorry about that experience with this software update, we'll do better.",0,standard
This laptop was genuinely enjoyable.,Thanks for sharing — happy this laptop worked out so well!,1,standard
This bakery was genuinely terrible.,"That sounds frustrating, we'll look into this bakery.",0,standard
This software update left me feeling it was unreliable.,"Sorry about that experience with this software update, we'll do better.",0,standard
"In my opinion, the delivery is excellent.",So glad you loved the delivery!,1,standard
The flight left me feeling it was frustrating.,Sorry to hear the flight didn't work out.,0,standard
I found the restaurant to be mediocre.,We apologize for the trouble with the restaurant.,0,standard
This camera was genuinely enjoyable.,That's great to hear about this camera!,1,standard
