review,reply,label,style
not the podcast being this bad 😭,"That's disappointing to hear about the podcast, sorry about that.",0,drift
"This show was subpar, overall.","That sounds frustrating, we'll look into this show.",0,standard
"somehow the new album didn't disappoint for once, shocking",So glad you loved the new album!,1,drift
My experience with the podcast was awful.,Sorry to hear the podcast didn't work out.,0,standard
This laptop left me feeling it was top-notch.,So glad you loved this laptop!,1,standard
"Honestly, this laptop turned out outstanding.",Thanks for sharing — happy this laptop worked out so well!,1,standard
the flight was mid tbh,"That sounds frustrating, we'll look into the flight.",0,drift
"somehow this phone didn't disappoint for once, shocking","Awesome, sounds like this phone really impressed you!",1,drift
The new album left me feeling it was disappointing.,"Sorry about that experience with the new album, we'll do better.",0,standard
I found the concert to be disappointing.,"Sorry about that experience with the concert, we'll do better.",0,standard
"the hotel room was so overhyped, big letdown",We apologize for the trouble with the hotel room.,0,drift
My experience with the museum was subpar.,Sorry to hear the museum didn't work out.,0,standard
"Honestly, this game turned out excellent.","That's wonderful, thanks for letting us know about this game!",1,standard
okay this camera is actually kinda amazing ngl,Thanks for sharing — happy this camera worked out so well!,1,drift
this software update was mid tbh,"That's disappointing to hear about this software update, sorry about that.",0,drift
This jacket was genuinely underwhelming.,"Sorry about that experience with this jacket, we'll do better.",0,standard
"Honestly, the new album turned out unsatisfactory.","Sorry about that experience with the new album, we'll do better.",0,standard
My experience with the customer support was awful.,"That sounds frustrating, we'll look into the customer support.",0,standard
not gonna lie this course is kinda perfect,"Awesome, sounds like this course really impressed you!",1,drift
My experience with this app was unsatisfactory.,"That sounds frustrating, we'll look into this app.",0,standard
The movie left me feeling it was poorly made.,"That sounds frustrating, we'll look into the movie.",0,standard
"The gym membership was boring, overall.","Sorry about that experience with the gym membership, we'll do better.",0,standard
I found this app to be mediocre.,"That sounds frustrating, we'll look into this app.",0,standard
The gym membership was genuinely superb.,So glad you loved the gym membership!,1,standard
this camera got me smiling like an idiot ngl,"That's wonderful, thanks for letting us know about this camera!",1,drift
This course was genuinely terrible.,"That's disappointing to hear about this course, sorry about that.",0,standard
"Honestly, the coffee turned out well-made.",So glad you loved the coffee!,1,standard
"In my opinion, this bakery is underwhelming.",Sorry this bakery let you down — thanks for the feedback.,0,standard
My experience with this bakery was terrible.,We apologize for the trouble with this bakery.,0,standard
"This camera was satisfying, overall.",Love that! Thanks for the kind words about this camera.,1,standard
okay this show is actually kinda amazing ngl,"That's wonderful, thanks for letting us know about this show!",1,drift
My experience with the new album was unsatisfactory.,We apologize for the trouble with the new album.,0,standard
"The service was subpar, overall.",We apologize for the trouble with the service.,0,standard
The gym membership left me feeling it was terrible.,We apologize for the trouble with the gym membership.,0,standard
"In my opinion, the service is terrible.",Sorry to hear the service didn't work out.,0,standard
totally thrilled that this phone wasted my time,"Sorry about that experience with this phone, we'll do better.",0,drift
This phone left me feeling it was second-rate.,Sorry to hear this phone didn't work out.,0,standard
wasn't expecting much but the concert actually delivered,That's great to hear about the concert!,1,drift
the delivery 2/10 do not recommend,Sorry to hear the delivery didn't work out.,0,drift
"the concert was a whole vibe, loved it",Thanks for sharing — happy the concert worked out so well!,1,drift
My experience with the flight was disappointing.,Sorry the flight let you down — thanks for the feedback.,0,standard
wow the service really outdid itself in disappointing me,"That's disappointing to hear about the service, sorry about that.",0,drift
This laptop left me feeling it was mediocre.,"That sounds frustrating, we'll look into this laptop.",0,standard
wow the gym membership really outdid itself in disappointing me,"That sounds frustrating, we'll look into the gym membership.",0,drift
This phone left me feeling it was excellent.,Love that! Thanks for the kind words about this phone.,1,standard
the flight lowkey ruined my day ngl,We apologize for the trouble with the flight.,0,drift
not me loving the movie this much lol,That's great to hear about the movie!,1,drift
"Honestly, this laptop turned out excellent.",That's great to hear about this laptop!,1,standard
This book left me feeling it was poorly made.,"Sorry about that experience with this book, we'll do better.",0,standard
The restaurant was genuinely outstanding.,"Awesome, sounds like the restaurant really impressed you!",1,standard
"can't stop thinking about this book, so good!!","Awesome, sounds like this book really impressed you!",1,drift
"Honestly, this recipe turned out mediocre.",Sorry to hear this recipe didn't work out.,0,standard
"Honestly, this jacket turned out reliable.",So glad you loved this jacket!,1,standard
"The coffee was superb, overall.",Love that! Thanks for the kind words about the coffee.,1,standard
this bakery... yeah no thx 💀,"That's disappointing to hear about this bakery, sorry about that.",0,drift
My experience with this camera was wonderful.,That's great to hear about this camera!,1,standard
"This game was mediocre, overall.",We apologize for the trouble with this game.,0,standard
wow this book really outdid itself in disappointing me,Sorry to hear this book didn't work out.,0,drift
"This bakery was underwhelming, overall.","That sounds frustrating, we'll look into this bakery.",0,standard
"The coffee was unsatisfactory, overall.","That's disappointing to hear about the coffee, sorry about that.",0,standard
I found the hotel room to be excellent.,That's great to hear about the hotel room!,1,standard
"shoutout to the customer support, genuinely great","Awesome, sounds like the customer support really impressed you!",1,drift
the customer support 2/10 do not recommend,Sorry to hear the customer support didn't work out.,0,drift
the movie is a hard pass fr,"That's disappointing to hear about the movie, sorry about that.",0,drift
"The podcast was unsatisfactory, overall.","Sorry about that experience with the podcast, we'll do better.",0,standard
this jacket slaps fr fr,"Awesome, sounds like this jacket really impressed you!",1,drift
this phone deadass changed my life lol,That's great to hear about this phone!,1,drift
"This course was frustrating, overall.","That sounds frustrating, we'll look into this course.",0,standard
"Honestly, this game turned out fantastic.",Thanks for sharing — happy this game worked out so well!,1,standard
"The restaurant was unsatisfactory, overall.","That's disappointing to hear about the restaurant, sorry about that.",0,standard
The gym membership was genuinely poorly made.,"That's disappointing to hear about the gym membership, sorry about that.",0,standard
"the delivery was a whole vibe, loved it",Thanks for sharing — happy the delivery worked out so well!,1,drift
"this software update was so overhyped, big letdown",We apologize for the trouble with this software update.,0,drift
I found the delivery to be underwhelming.,"Sorry about that experience with the delivery, we'll do better.",0,standard
This game was genuinely disappointing.,Sorry to hear this game didn't work out.,0,standard
This jacket left me feeling it was boring.,We apologize for the trouble with this jacket.,0,standard
"this phone was so overhyped, big letdown","Sorry about that experience with this phone, we'll do better.",0,drift
totally thrilled that this software update wasted my time,Sorry to hear this software update didn't work out.,0,drift
the service really said main character energy,"Awesome, sounds like the service really impressed you!",1,drift
My experience with this game was boring.,Sorry this game let you down — thanks for the feedback.,0,standard
"This camera was superb, overall.",That's great to hear about this camera!,1,standard
"color me surprised, this bakery was actually decent","That's wonderful, thanks for letting us know about this bakery!",1,drift
totally thrilled that this recipe wasted my time,We apologize for the trouble with this recipe.,0,drift
this camera 2/10 do not recommend,Sorry this camera let you down — thanks for the feedback.,0,drift
the new album was mid tbh,"Sorry about that experience with the new album, we'll do better.",0,drift
"this camera was so overhyped, big letdown","That's disappointing to hear about this camera, sorry about that.",0,drift
"In my opinion, this course is disappointing.","That's disappointing to hear about this course, sorry about that.",0,standard
"Honestly, this camera turned out underwhelming.","Sorry about that experience with this camera, we'll do better.",0,standard
obsessed w the hotel room rn 😭❤️,So glad you loved the hotel room!,1,drift
My experience with the coffee was unreliable.,Sorry the coffee let you down — thanks for the feedback.,0,standard
this course 10/10 would recommend,Thanks for sharing — happy this course worked out so well!,1,drift
I found the museum to be frustrating.,"That's disappointing to hear about the museum, sorry about that.",0,standard
This software update left me feeling it was outstanding.,"That's wonderful, thanks for letting us know about this software update!",1,standard
the movie really said main character energy,"That's wonderful, thanks for letting us know about the movie!",1,drift
wow this jacket really said let me disappoint you,"That's disappointing to hear about this jacket, sorry about that.",0,drift
"This jacket was enjoyable, overall.",So glad you loved this jacket!,1,standard
"This book was underwhelming, overall.",Sorry to hear this book didn't work out.,0,standard
The delivery left me feeling it was unreliable.,"Sorry about that experience with the delivery, we'll do better.",0,standard
"This show was great, overall.",Thanks for sharing — happy this show worked out so well!,1,standard
The museum was genuinely superb.,Thanks for sharing — happy the museum worked out so well!,1,standard
"color me surprised, this recipe was actually decent",So glad you loved this recipe!,1,drift
"Honestly, this camera turned out unsatisfactory.","Sorry about that experience with this camera, we'll do better.",0,standard
wasn't expecting much but the restaurant actually delivered,That's great to hear about the restaurant!,1,drift
This jacket was genuinely great.,Thanks for sharing — happy this jacket worked out so well!,1,standard
the customer support was mid tbh,"Sorry about that experience with the customer support, we'll do better.",0,drift
"Honestly, the restaurant turned out terrible.",We apologize for the trouble with the restaurant.,0,standard
My experience with this app was second-rate.,Sorry this app let you down — thanks for the feedback.,0,standard
ngl the flight is actually fire 🔥,"Awesome, sounds like the flight really impressed you!",1,drift
"In my opinion, this phone is reliable.",So glad you loved this phone!,1,standard
wasn't expecting much but this software update actually delivered,"Awesome, sounds like this software update really impressed you!",1,drift
My experience with this recipe was satisfying.,So glad you loved this recipe!,1,standard
The restaurant left me feeling it was top-notch.,So glad you loved the restaurant!,1,standard
the flight is a hard pass fr,"Sorry about that experience with the flight, we'll do better.",0,drift
wasn't expecting much but this app actually delivered,"That's wonderful, thanks for letting us know about this app!",1,drift
"Honestly, this recipe turned out fantastic.",That's great to hear about this recipe!,1,standard
"Honestly, this bakery turned out awful.","That sounds frustrating, we'll look into this bakery.",0,standard
This course was genuinely wonderful.,"Awesome, sounds like this course really impressed you!",1,standard
The concert was genuinely satisfying.,"That's wonderful, thanks for letting us know about the concert!",1,standard
"In my opinion, this software update is superb.",That's great to hear about this software update!,1,standard
I found this book to be mediocre.,"That's disappointing to hear about this book, sorry about that.",0,standard
This laptop left me feeling it was unsatisfactory.,"That's disappointing to hear about this laptop, sorry about that.",0,standard
The service was genuinely frustrating.,Sorry the service let you down — thanks for the feedback.,0,standard
not me loving the flight this much lol,That's great to hear about the flight!,1,drift
"This jacket was well-made, overall.",Love that! Thanks for the kind words about this jacket.,1,standard
this course deadass changed my life lol,"Awesome, sounds like this course really impressed you!",1,drift
This jacket left me feeling it was fantastic.,Love that! Thanks for the kind words about this jacket.,1,standard
"great job the podcast, truly inspiring levels of bad","That's disappointing to hear about the podcast, sorry about that.",0,drift
the flight slaps fr fr,So glad you loved the flight!,1,drift
not me loving the new album this much lol,Thanks for sharing — happy the new album worked out so well!,1,drift
This recipe was genuinely fantastic.,Thanks for sharing — happy this recipe worked out so well!,1,standard
"In my opinion, this phone is enjoyable.",Love that! Thanks for the kind words about this phone.,1,standard
not me loving the podcast this much lol,Love that! Thanks for the kind words about the podcast.,1,drift
This bakery left me feeling it was terrible.,Sorry this bakery let you down — thanks for the feedback.,0,standard
I found the coffee to be boring.,We apologize for the trouble with the coffee.,0,standard
the restaurant slaps fr fr,"That's wonderful, thanks for letting us know about the restaurant!",1,drift
"The gym membership was great, overall.",So glad you loved the gym membership!,1,standard
"The restaurant was wonderful, overall.",Love that! Thanks for the kind words about the restaurant.,1,standard
"the coffee was a whole vibe, loved it",Love that! Thanks for the kind words about the coffee.,1,drift
This game left me feeling it was great.,"Awesome, sounds like this game really impressed you!",1,standard
the hotel room mid af ngl,"Sorry about that experience with the hotel room, we'll do better.",0,drift
This camera was genuinely outstanding.,"Awesome, sounds like this camera really impressed you!",1,standard
"This phone was superb, overall.",Love that! Thanks for the kind words about this phone.,1,standard
the restaurant is elite fr,Love that! Thanks for the kind words about the restaurant.,1,drift
My experience with this laptop was subpar.,Sorry to hear this laptop didn't work out.,0,standard
the gym membership really said main character energy,Thanks for sharing — happy the gym membership worked out so well!,1,drift
this bakery was mid tbh,Sorry to hear this bakery didn't work out.,0,drift
My experience with this software update was excellent.,So glad you loved this software update!,1,standard
lol this game is straight up trash,"That's disappointing to hear about this game, sorry about that.",0,drift
the service is a hard pass fr,Sorry the service let you down — thanks for the feedback.,0,drift
"Honestly, this jacket turned out enjoyable.",Love that! Thanks for the kind words about this jacket.,1,standard
"In my opinion, the restaurant is excellent.",That's great to hear about the restaurant!,1,standard
"Honestly, this bakery turned out second-rate.",Sorry this bakery let you down — thanks for the feedback.,0,standard
the hotel room straight up flopped ngl,Sorry to hear the hotel room didn't work out.,0,drift
"In my opinion, the new album is frustrating.","That sounds frustrating, we'll look into the new album.",0,standard
My experience with the new album was unreliable.,"That's disappointing to hear about the new album, sorry about that.",0,standard
this show 10/10 would recommend,So glad you loved this show!,1,drift
the concert... yeah no thx 💀,"That's disappointing to hear about the concert, sorry about that.",0,drift
The flight was genuinely unreliable.,"That sounds frustrating, we'll look into the flight.",0,standard
wow this camera really said let me disappoint you,"That sounds frustrating, we'll look into this camera.",0,drift
This app was genuinely top-notch.,Thanks for sharing — happy this app worked out so well!,1,standard
"big yikes, this camera was rough 😬",We apologize for the trouble with this camera.,0,drift
the service is elite fr,That's great to hear about the service!,1,drift
I found the movie to be unreliable.,"That's disappointing to hear about the movie, sorry about that.",0,standard
"In my opinion, this phone is unreliable.",Sorry to hear this phone didn't work out.,0,standard
"can't stop thinking about the flight, so good!!",That's great to hear about the flight!,1,drift
the movie mid af ngl,"That sounds frustrating, we'll look into the movie.",0,drift
This app was genuinely well-made.,That's great to hear about this app!,1,standard
This course left me feeling it was disappointing.,"That sounds frustrating, we'll look into this course.",0,standard
the new album straight up flopped ngl,Sorry the new album let you down — thanks for the feedback.,0,drift
the hotel room... yeah no thx 💀,"Sorry about that experience with the hotel room, we'll do better.",0,drift
"big yikes, the customer support was rough 😬",Sorry the customer support let you down — thanks for the feedback.,0,drift
the delivery is giving excellence tbh,"That's wonderful, thanks for letting us know about the delivery!",1,drift
this laptop straight up flopped ngl,Sorry this laptop let you down — thanks for the feedback.,0,drift
This jacket left me feeling it was satisfying.,So glad you loved this jacket!,1,standard
"In my opinion, this app is second-rate.","That's disappointing to hear about this app, sorry about that.",0,standard
ngl this show is actually fire 🔥,So glad you loved this show!,1,drift
"In my opinion, this software update is reliable.",Love that! Thanks for the kind words about this software update.,1,standard
"Honestly, the museum turned out frustrating.","That's disappointing to hear about the museum, sorry about that.",0,standard
the flight hit different 🙌,Love that! Thanks for the kind words about the flight.,1,drift
okay the customer support is actually kinda amazing ngl,That's great to hear about the customer support!,1,drift
ngl the delivery is actually fire 🔥,Thanks for sharing — happy the delivery worked out so well!,1,drift
This recipe left me feeling it was reliable.,"Awesome, sounds like this recipe really impressed you!",1,standard
the movie lowkey ruined my day ngl,"That's disappointing to hear about the movie, sorry about that.",0,drift
the coffee hit different 🙌,"That's wonderful, thanks for letting us know about the coffee!",1,drift
"Honestly, the flight turned out frustrating.",Sorry to hear the flight didn't work out.,0,standard
"The concert was outstanding, overall.",So glad you loved the concert!,1,standard
okay the movie is actually kinda amazing ngl,"Awesome, sounds like the movie really impressed you!",1,drift
"The restaurant was enjoyable, overall.","That's wonderful, thanks for letting us know about the restaurant!",1,standard
this jacket mid af ngl,Sorry this jacket let you down — thanks for the feedback.,0,drift
The new album was genuinely boring.,"Sorry about that experience with the new album, we'll do better.",0,standard
I found this game to be subpar.,Sorry this game let you down — thanks for the feedback.,0,standard
"Honestly, the restaurant turned out mediocre.","That's disappointing to hear about the restaurant, sorry about that.",0,standard
I found the coffee to be unreliable.,"That sounds frustrating, we'll look into the coffee.",0,standard
this software update hit different 🙌,Love that! Thanks for the kind words about this software update.,1,drift
"Honestly, this game turned out impressive.",That's great to hear about this game!,1,standard
I found the service to be reliable.,So glad you loved the service!,1,standard
not me loving this course this much lol,That's great to hear about this course!,1,drift
The hotel room left me feeling it was terrible.,"Sorry about that experience with the hotel room, we'll do better.",0,standard
My experience with the movie was disappointing.,Sorry to hear the movie didn't work out.,0,standard
"Honestly, the new album turned out underwhelming.","That's disappointing to hear about the new album, sorry about that.",0,standard
"Honestly, this game turned out poorly made.","That sounds frustrating, we'll look into this game.",0,standard
My experience with the hotel room was well-made.,Love that! Thanks for the kind words about the hotel room.,1,standard
"Honestly, the new album turned out impressive.",Love that! Thanks for the kind words about the new album.,1,standard
the museum... yeah no thx 💀,"That's disappointing to hear about the museum, sorry about that.",0,drift
the podcast is a hard pass fr,"Sorry about that experience with the podcast, we'll do better.",0,drift
lol this software update is straight up trash,We apologize for the trouble with this software update.,0,drift
The concert left me feeling it was top-notch.,"That's wonderful, thanks for letting us know about the concert!",1,standard
the museum is elite fr,So glad you loved the museum!,1,drift
"This laptop was enjoyable, overall.",Thanks for sharing — happy this laptop worked out so well!,1,standard
I found the hotel room to be impressive.,"Awesome, sounds like the hotel room really impressed you!",1,standard
The service left me feeling it was top-notch.,"Awesome, sounds like the service really impressed you!",1,standard
"This bakery was excellent, overall.",So glad you loved this bakery!,1,standard
The coffee was genuinely impressive.,That's great to hear about the coffee!,1,standard
"Honestly, the flight turned out superb.",Love that! Thanks for the kind words about the flight.,1,standard
"The restaurant was superb, overall.",Love that! Thanks for the kind words about the restaurant.,1,standard
The flight left me feeling it was frustrating.,Sorry to hear the flight didn't work out.,0,standard
My experience with this game was mediocre.,We apologize for the trouble with this game.,0,standard
wow this book really said let me disappoint you,Sorry to hear this book didn't work out.,0,drift
wow the museum really said let me disappoint you,Sorry to hear the museum didn't work out.,0,drift
not this game being this bad 😭,"Sorry about that experience with this game, we'll do better.",0,drift
this recipe is a hard pass fr,"Sorry about that experience with this recipe, we'll do better.",0,drift
this book lowkey ruined my day ngl,"Sorry about that experience with this book, we'll do better.",0,drift
"This phone was great, overall.",That's great to hear about this phone!,1,standard
My experience with this camera was fantastic.,"That's wonderful, thanks for letting us know about this camera!",1,standard
"Honestly, the hotel room turned out disappointing.",Sorry to hear the hotel room didn't work out.,0,standard
the concert is giving excellence tbh,Love that! Thanks for the kind words about the concert.,1,drift
"color me surprised, this software update was actually decent",So glad you loved this software update!,1,drift
this app hit different 🙌,"Awesome, sounds like this app really impressed you!",1,drift
I found the customer support to be excellent.,"Awesome, sounds like the customer support really impressed you!",1,standard
cant believe the service was this disappointing lol,"That's disappointing to hear about the service, sorry about that.",0,drift
the coffee deadass changed my life lol,"That's wonderful, thanks for letting us know about the coffee!",1,drift
this jacket was mid tbh,We apologize for the trouble with this jacket.,0,drift
the coffee mid af ngl,We apologize for the trouble with the coffee.,0,drift
My experience with this phone was terrible.,"That sounds frustrating, we'll look into this phone.",0,standard
The movie left me feeling it was mediocre.,Sorry to hear the movie didn't work out.,0,standard
I found the restaurant to be well-made.,So glad you loved the restaurant!,1,standard
This bakery was genuinely fantastic.,That's great to hear about this bakery!,1,standard
"great job this jacket, truly inspiring levels of bad",Sorry this jacket let you down — thanks for the feedback.,0,drift
My experience with this phone was top-notch.,"Awesome, sounds like this phone really impressed you!",1,standard
the restaurant is a hard pass fr,We apologize for the trouble with the restaurant.,0,drift
This recipe was genuinely unsatisfactory.,"That sounds frustrating, we'll look into this recipe.",0,standard
this book really said main character energy,Love that! Thanks for the kind words about this book.,1,drift
The delivery left me feeling it was poorly made.,"Sorry about that experience with the delivery, we'll do better.",0,standard
"In my opinion, this camera is poorly made.","Sorry about that experience with this camera, we'll do better.",0,standard
I found this recipe to be outstanding.,That's great to hear about this recipe!,1,standard
The concert was genuinely fantastic.,Love that! Thanks for the kind words about the concert.,1,standard
"big yikes, the hotel room was rough 😬","That sounds frustrating, we'll look into the hotel room.",0,drift
This game was genuinely impressive.,That's great to hear about this game!,1,standard
"Honestly, this show turned out satisfying.",Love that! Thanks for the kind words about this show.,1,standard
My experience with this app was terrible.,Sorry this app let you down — thanks for the feedback.,0,standard
The hotel room was genuinely great.,"Awesome, sounds like the hotel room really impressed you!",1,standard
I found this phone to be superb.,Thanks for sharing — happy this phone worked out so well!,1,standard
"Honestly, this laptop turned out awful.","That's disappointing to hear about this laptop, sorry about that.",0,standard
"The podcast was satisfying, overall.",So glad you loved the podcast!,1,standard
My experience with the flight was fantastic.,So glad you loved the flight!,1,standard
"yeah this laptop was amazing, said no one ever",We apologize for the trouble with this laptop.,0,drift
"Honestly, the delivery turned out disappointing.","That's disappointing to hear about the delivery, sorry about that.",0,standard
"Honestly, this book turned out reliable.","Awesome, sounds like this book really impressed you!",1,standard
"In my opinion, the hotel room is outstanding.",So glad you loved the hotel room!,1,standard
The delivery left me feeling it was mediocre.,"That's disappointing to hear about the delivery, sorry about that.",0,standard
"This show was reliable, overall.","That's wonderful, thanks for letting us know about this show!",1,standard
"In my opinion, this phone is excellent.","That's wonderful, thanks for letting us know about this phone!",1,standard
This software update was genuinely fantastic.,Thanks for sharing — happy this software update worked out so well!,1,standard
this app got me smiling like an idiot ngl,That's great to hear about this app!,1,drift
okay the flight is actually kinda amazing ngl,That's great to hear about the flight!,1,drift
the flight 10/10 would recommend,"Awesome, sounds like the flight really impressed you!",1,drift
This recipe left me feeling it was terrible.,Sorry this recipe let you down — thanks for the feedback.,0,standard
"oh great, this show broke again, love that for me","That sounds frustrating, we'll look into this show.",0,drift
"color me surprised, the gym membership was actually decent",Love that! Thanks for the kind words about the gym membership.,1,drift
"The service was outstanding, overall.",Thanks for sharing — happy the service worked out so well!,1,standard
"color me surprised, the restaurant was actually decent",Thanks for sharing — happy the restaurant worked out so well!,1,drift
this course got me smiling like an idiot ngl,That's great to hear about this course!,1,drift
totally thrilled that the movie wasted my time,We apologize for the trouble with the movie.,0,drift
"This app was excellent, overall.","Awesome, sounds like this app really impressed you!",1,standard
"In my opinion, this software update is top-notch.",Thanks for sharing — happy this software update worked out so well!,1,standard
"Honestly, the museum turned out satisfying.",Thanks for sharing — happy the museum worked out so well!,1,standard
"big yikes, the concert was rough 😬","That's disappointing to hear about the concert, sorry about that.",0,drift
The gym membership left me feeling it was enjoyable.,Thanks for sharing — happy the gym membership worked out so well!,1,standard
I found this laptop to be terrible.,"That's disappointing to hear about this laptop, sorry about that.",0,standard
"This app was top-notch, overall.",Love that! Thanks for the kind words about this app.,1,standard
The coffee left me feeling it was frustrating.,We apologize for the trouble with the coffee.,0,standard
"color me surprised, the museum was actually decent","Awesome, sounds like the museum really impressed you!",1,drift
lol this phone is straight up trash,Sorry to hear this phone didn't work out.,0,drift
the movie straight up flopped ngl,"That sounds frustrating, we'll look into the movie.",0,drift
"big yikes, the flight was rough 😬","That's disappointing to hear about the flight, sorry about that.",0,drift
The customer support was genuinely underwhelming.,"That sounds frustrating, we'll look into the customer support.",0,standard
this phone is actually so underrated,Thanks for sharing — happy this phone worked out so well!,1,drift
My experience with the movie was reliable.,"That's wonderful, thanks for letting us know about the movie!",1,standard
"can't stop thinking about this camera, so good!!",That's great to hear about this camera!,1,drift
The museum left me feeling it was underwhelming.,Sorry to hear the museum didn't work out.,0,standard
The new album left me feeling it was excellent.,Love that! Thanks for the kind words about the new album.,1,standard
ngl this game is actually fire 🔥,That's great to hear about this game!,1,drift
"Honestly, this laptop turned out impressive.",That's great to hear about this laptop!,1,standard
I found the gym membership to be terrible.,We apologize for the trouble with the gym membership.,0,standard
"In my opinion, the customer support is wonderful.","That's wonderful, thanks for letting us know about the customer support!",1,standard
"Honestly, this recipe turned out impressive.",Love that! Thanks for the kind words about this recipe.,1,standard
"This game was second-rate, overall.","That's disappointing to hear about this game, sorry about that.",0,standard
The restaurant left me feeling it was superb.,So glad you loved the restaurant!,1,standard
The service was genuinely outstanding.,That's great to hear about the service!,1,standard
"The podcast was second-rate, overall.","That sounds frustrating, we'll look into the podcast.",0,standard
"In my opinion, this book is frustrating.","That sounds frustrating, we'll look into this book.",0,standard
"The service was great, overall.",Love that! Thanks for the kind words about the service.,1,standard
My experience with this camera was boring.,"Sorry about that experience with this camera, we'll do better.",0,standard
"Honestly, this camera turned out satisfying.","Awesome, sounds like this camera really impressed you!",1,standard
"Honestly, the new album turned out frustrating.",Sorry the new album let you down — thanks for the feedback.,0,standard
The gym membership left me feeling it was wonderful.,Thanks for sharing — happy the gym membership worked out so well!,1,standard
the hotel room 2/10 do not recommend,"That sounds frustrating, we'll look into the hotel room.",0,drift
This camera was genuinely well-made.,Love that! Thanks for the kind words about this camera.,1,standard
"Honestly, the coffee turned out subpar.",We apologize for the trouble with the coffee.,0,standard
"The customer support was terrible, overall.","That's disappointing to hear about the customer support, sorry about that.",0,standard
obsessed w this recipe rn 😭❤️,So glad you loved this recipe!,1,drift
I found the movie to be well-made.,So glad you loved the movie!,1,standard
okay this book is actually kinda amazing ngl,Love that! Thanks for the kind words about this book.,1,drift
"In my opinion, this app is terrible.",Sorry this app let you down — thanks for the feedback.,0,standard
My experience with this show was poorly made.,We apologize for the trouble with this show.,0,standard
the flight is giving excellence tbh,So glad you loved the flight!,1,drift
This camera left me feeling it was enjoyable.,Love that! Thanks for the kind words about this camera.,1,standard
The customer support was genuinely awful.,We apologize for the trouble with the customer support.,0,standard
My experience with this game was reliable.,So glad you loved this game!,1,standard
"This course was disappointing, overall.","Sorry about that experience with this course, we'll do better.",0,standard
This bakery was genuinely unsatisfactory.,We apologize for the trouble with this bakery.,0,standard
The coffee was genuinely fantastic.,That's great to hear about the coffee!,1,standard
"This camera was underwhelming, overall.","That's disappointing to hear about this camera, sorry about that.",0,standard
The movie left me feeling it was top-notch.,That's great to hear about the movie!,1,standard
"big yikes, this software update was rough 😬","That's disappointing to hear about this software update, sorry about that.",0,drift
the delivery... yeah no thx 💀,"Sorry about that experience with the delivery, we'll do better.",0,drift
wow this show really outdid itself in disappointing me,"That sounds frustrating, we'll look into this show.",0,drift
cant believe the delivery was this disappointing lol,Sorry to hear the delivery didn't work out.,0,drift
wow the coffee really outdid itself in disappointing me,We apologize for the trouble with the coffee.,0,drift
wow the movie really said let me disappoint you,"That sounds frustrating, we'll look into the movie.",0,drift
"Honestly, the flight turned out well-made.",Love that! Thanks for the kind words about the flight.,1,standard
"In my opinion, this laptop is top-notch.",That's great to hear about this laptop!,1,standard
this camera mid af ngl,Sorry this camera let you down — thanks for the feedback.,0,drift
I found the movie to be boring.,"That's disappointing to hear about the movie, sorry about that.",0,standard
this jacket got me smiling like an idiot ngl,So glad you loved this jacket!,1,drift
This laptop was genuinely satisfying.,So glad you loved this laptop!,1,standard
"the museum was so overhyped, big letdown",Sorry the museum let you down — thanks for the feedback.,0,drift
I found the restaurant to be reliable.,"That's wonderful, thanks for letting us know about the restaurant!",1,standard
this phone is a hard pass fr,"Sorry about that experience with this phone, we'll do better.",0,drift
wasn't expecting much but the new album actually delivered,"Awesome, sounds like the new album really impressed you!",1,drift
This camera was genuinely wonderful.,"That's wonderful, thanks for letting us know about this camera!",1,standard
this bakery 2/10 do not recommend,Sorry this bakery let you down — thanks for the feedback.,0,drift
The movie was genuinely underwhelming.,We apologize for the trouble with the movie.,0,standard
"In my opinion, the customer support is unreliable.",Sorry to hear the customer support didn't work out.,0,standard
My experience with this recipe was impressive.,"Awesome, sounds like this recipe really impressed you!",1,standard
"This camera was excellent, overall.","Awesome, sounds like this camera really impressed you!",1,standard
"In my opinion, this phone is underwhelming.","That's disappointing to hear about this phone, sorry about that.",0,standard
The concert was genuinely awful.,Sorry the concert let you down — thanks for the feedback.,0,standard
This jacket was genuinely subpar.,"That sounds frustrating, we'll look into this jacket.",0,standard
"Honestly, the coffee turned out unreliable.","Sorry about that experience with the coffee, we'll do better.",0,standard
this show is elite fr,"Awesome, sounds like this show really impressed you!",1,drift
"shoutout to the gym membership, genuinely great",So glad you loved the gym membership!,1,drift
obsessed w the flight rn 😭❤️,Love that! Thanks for the kind words about the flight.,1,drift
My experience with the hotel room was superb.,That's great to hear about the hotel room!,1,standard
the concert was mid tbh,"Sorry about that experience with the concert, we'll do better.",0,drift
I found this show to be fantastic.,Love that! Thanks for the kind words about this show.,1,standard
I found this course to be underwhelming.,Sorry this course let you down — thanks for the feedback.,0,standard
"color me surprised, the hotel room was actually decent","That's wonderful, thanks for letting us know about the hotel room!",1,drift
"the museum was a whole vibe, loved it",So glad you loved the museum!,1,drift
"great job the movie, truly inspiring levels of bad","Sorry about that experience with the movie, we'll do better.",0,drift
this course... yeah no thx 💀,We apologize for the trouble with this course.,0,drift
"Honestly, this camera turned out well-made.",That's great to hear about this camera!,1,standard
"somehow this jacket didn't disappoint for once, shocking",So glad you loved this jacket!,1,drift
the customer support hit different 🙌,"That's wonderful, thanks for letting us know about the customer support!",1,drift
"Honestly, this show turned out terrible.",Sorry this show let you down — thanks for the feedback.,0,standard
I found this game to be frustrating.,"That sounds frustrating, we'll look into this game.",0,standard
My experience with the gym membership was superb.,So glad you loved the gym membership!,1,standard
"Honestly, this show turned out impressive.",That's great to hear about this show!,1,standard
The new album was genuinely second-rate.,"Sorry about that experience with the new album, we'll do better.",0,standard
wow this game really said let me disappoint you,We apologize for the trouble with this game.,0,drift
This app was genuinely enjoyable.,Love that! Thanks for the kind words about this app.,1,standard
My experience with this jacket was wonderful.,"That's wonderful, thanks for letting us know about this jacket!",1,standard
"can't stop thinking about this software update, so good!!",Love that! Thanks for the kind words about this software update.,1,drift
not me loving this recipe this much lol,"Awesome, sounds like this recipe really impressed you!",1,drift
"big yikes, the delivery was rough 😬",Sorry to hear the delivery didn't work out.,0,drift
not me loving the service this much lol,Thanks for sharing — happy the service worked out so well!,1,drift
this software update is elite fr,"That's wonderful, thanks for letting us know about this software update!",1,drift
"The movie was frustrating, overall.","That sounds frustrating, we'll look into the movie.",0,standard
"Honestly, this book turned out second-rate.",We apologize for the trouble with this book.,0,standard
"This bakery was top-notch, overall.","Awesome, sounds like this bakery really impressed you!",1,standard
ngl the podcast is actually fire 🔥,So glad you loved the podcast!,1,drift
This jacket was genuinely boring.,Sorry to hear this jacket didn't work out.,0,standard
"the restaurant was a whole vibe, loved it",Thanks for sharing — happy the restaurant worked out so well!,1,drift
The gym membership was genuinely satisfying.,"That's wonderful, thanks for letting us know about the gym membership!",1,standard
"In my opinion, the gym membership is unreliable.",Sorry the gym membership let you down — thanks for the feedback.,0,standard
I found the coffee to be frustrating.,Sorry to hear the coffee didn't work out.,0,standard
"In my opinion, the podcast is great.",That's great to hear about the podcast!,1,standard
"Honestly, this software update turned out mediocre.",We apologize for the trouble with this software update.,0,standard
I found the restaurant to be awful.,We apologize for the trouble with the restaurant.,0,standard
"In my opinion, the museum is satisfying.",Thanks for sharing — happy the museum worked out so well!,1,standard
this laptop 10/10 would recommend,Love that! Thanks for the kind words about this laptop.,1,drift
cant believe the customer support was this disappointing lol,"Sorry about that experience with the customer support, we'll do better.",0,drift
this book deadass changed my life lol,So glad you loved this book!,1,drift
the service straight up flopped ngl,We apologize for the trouble with the service.,0,drift
"In my opinion, the concert is top-notch.",Love that! Thanks for the kind words about the concert.,1,standard
"Honestly, the coffee turned out disappointing.",Sorry the coffee let you down — thanks for the feedback.,0,standard
The new album left me feeling it was impressive.,So glad you loved the new album!,1,standard
I found the restaurant to be unsatisfactory.,Sorry to hear the restaurant didn't work out.,0,standard
the hotel room is giving excellence tbh,"That's wonderful, thanks for letting us know about the hotel room!",1,drift
wow the customer support really outdid itself in disappointing me,"That sounds frustrating, we'll look into the customer support.",0,drift
"In my opinion, the gym membership is fantastic.",That's great to hear about the gym membership!,1,standard
this show hit different 🙌,"That's wonderful, thanks for letting us know about this show!",1,drift
"great job this software update, truly inspiring levels of bad","Sorry about that experience with this software update, we'll do better.",0,drift
cant believe the flight was this disappointing lol,"Sorry about that experience with the flight, we'll do better.",0,drift
the hotel room is a hard pass fr,"Sorry about that experience with the hotel room, we'll do better.",0,drift
"Honestly, the customer support turned out poorly made.",We apologize for the trouble with the customer support.,0,standard
"In my opinion, the gym membership is impressive.",Love that! Thanks for the kind words about the gym membership.,1,standard
The coffee was genuinely enjoyable.,Thanks for sharing — happy the coffee worked out so well!,1,standard
I found this jacket to be boring.,Sorry to hear this jacket didn't work out.,0,standard
this phone is elite fr,"Awesome, sounds like this phone really impressed you!",1,drift
"This bakery was mediocre, overall.","That's disappointing to hear about this bakery, sorry about that.",0,standard
"The hotel room was excellent, overall.",That's great to hear about the hotel room!,1,standard
My experience with the gym membership was boring.,Sorry the gym membership let you down — thanks for the feedback.,0,standard
"The gym membership was disappointing, overall.","That sounds frustrating, we'll look into the gym membership.",0,standard
"Honestly, the coffee turned out top-notch.",Love that! Thanks for the kind words about the coffee.,1,standard
The museum left me feeling it was poorly made.,We apologize for the trouble with the museum.,0,standard
"This phone was excellent, overall.","Awesome, sounds like this phone really impressed you!",1,standard
"This phone was top-notch, overall.","That's wonderful, thanks for letting us know about this phone!",1,standard
not gonna lie this laptop is kinda perfect,Love that! Thanks for the kind words about this laptop.,1,drift
wow the podcast really said let me disappoint you,Sorry the podcast let you down — thanks for the feedback.,0,drift
The customer support left me feeling it was impressive.,Thanks for sharing — happy the customer support worked out so well!,1,standard
"In my opinion, the concert is awful.","That's disappointing to hear about the concert, sorry about that.",0,standard
the customer support straight up flopped ngl,Sorry the customer support let you down — thanks for the feedback.,0,drift
this software update is a hard pass fr,We apologize for the trouble with this software update.,0,drift
"color me surprised, this game was actually decent",Thanks for sharing — happy this game worked out so well!,1,drift
I found this laptop to be frustrating.,"That sounds frustrating, we'll look into this laptop.",0,standard
"can't stop thinking about the customer support, so good!!",That's great to hear about the customer support!,1,drift
"shoutout to this show, genuinely great",That's great to hear about this show!,1,drift
The delivery left me feeling it was frustrating.,"That sounds frustrating, we'll look into the delivery.",0,standard
"Honestly, this software update turned out boring.","That sounds frustrating, we'll look into this software update.",0,standard
"In my opinion, this show is poorly made.",We apologize for the trouble with this show.,0,standard
"The concert was terrible, overall.","That sounds frustrating, we'll look into the concert.",0,standard
"This book was mediocre, overall.",Sorry this book let you down — thanks for the feedback.,0,standard
I found the museum to be poorly made.,Sorry to hear the museum didn't work out.,0,standard
"Honestly, the service turned out top-notch.","That's wonderful, thanks for letting us know about the service!",1,standard
My experience with this camera was reliable.,"That's wonderful, thanks for letting us know about this camera!",1,standard
"The delivery was satisfying, overall.",Thanks for sharing — happy the delivery worked out so well!,1,standard
This book left me feeling it was satisfying.,So glad you loved this book!,1,standard
"Honestly, this game turned out satisfying.","That's wonderful, thanks for letting us know about this game!",1,standard
The restaurant left me feeling it was second-rate.,"That's disappointing to hear about the restaurant, sorry about that.",0,standard
lol the museum is straight up trash,Sorry to hear the museum didn't work out.,0,drift
"The concert was subpar, overall.",We apologize for the trouble with the concert.,0,standard
"The gym membership was subpar, overall.",Sorry the gym membership let you down — thanks for the feedback.,0,standard
"In my opinion, the podcast is frustrating.","Sorry about that experience with the podcast, we'll do better.",0,standard
"big yikes, this laptop was rough 😬",Sorry to hear this laptop didn't work out.,0,drift
this app mid af ngl,"That sounds frustrating, we'll look into this app.",0,drift
the hotel room hit different 🙌,Thanks for sharing — happy the hotel room worked out so well!,1,drift
This bakery left me feeling it was unsatisfactory.,We apologize for the trouble with this bakery.,0,standard
My experience with the new album was fantastic.,Thanks for sharing — happy the new album worked out so well!,1,standard
"Honestly, the customer support turned out satisfying.",Thanks for sharing — happy the customer support worked out so well!,1,standard
"big yikes, this bakery was rough 😬","That sounds frustrating, we'll look into this bakery.",0,drift
The concert was genuinely frustrating.,"That sounds frustrating, we'll look into the concert.",0,standard
My experience with the movie was unreliable.,"That's disappointing to hear about the movie, sorry about that.",0,standard
I found the hotel room to be top-notch.,Thanks for sharing — happy the hotel room worked out so well!,1,standard
this laptop slaps fr fr,"That's wonderful, thanks for letting us know about this laptop!",1,drift
"This phone was wonderful, overall.",That's great to hear about this phone!,1,standard
The podcast was genuinely excellent.,So glad you loved the podcast!,1,standard
My experience with this book was well-made.,That's great to hear about this book!,1,standard
I found the restaurant to be excellent.,"Awesome, sounds like the restaurant really impressed you!",1,standard
okay this bakery is actually kinda amazing ngl,That's great to hear about this bakery!,1,drift
cant believe this recipe was this disappointing lol,Sorry this recipe let you down — thanks for the feedback.,0,drift
This camera was genuinely subpar.,"Sorry about that experience with this camera, we'll do better.",0,standard
not this camera being this bad 😭,"Sorry about that experience with this camera, we'll do better.",0,drift
totally thrilled that this book wasted my time,"That sounds frustrating, we'll look into this book.",0,drift
this course hit different 🙌,That's great to hear about this course!,1,drift
this book slaps fr fr,"Awesome, sounds like this book really impressed you!",1,drift
"The hotel room was poorly made, overall.",Sorry to hear the hotel room didn't work out.,0,standard
The concert was genuinely excellent.,"Awesome, sounds like the concert really impressed you!",1,standard
"In my opinion, this book is enjoyable.",Love that! Thanks for the kind words about this book.,1,standard
"In my opinion, the movie is reliable.",So glad you loved the movie!,1,standard
this software update deadass changed my life lol,That's great to hear about this software update!,1,drift
"Honestly, the movie turned out wonderful.","That's wonderful, thanks for letting us know about the movie!",1,standard
"In my opinion, this show is great.","Awesome, sounds like this show really impressed you!",1,standard
"Honestly, the hotel room turned out mediocre.",We apologize for the trouble with the hotel room.,0,standard
wow the concert really said let me disappoint you,Sorry the concert let you down — thanks for the feedback.,0,drift
I found the gym membership to be unsatisfactory.,"Sorry about that experience with the gym membership, we'll do better.",0,standard
totally thrilled that this app wasted my time,We apologize for the trouble with this app.,0,drift
not this app being this bad 😭,"That sounds frustrating, we'll look into this app.",0,drift
"In my opinion, the movie is disappointing.","That sounds frustrating, we'll look into the movie.",0,standard
"oh great, this game broke again, love that for me","That sounds frustrating, we'll look into this game.",0,drift
the delivery slaps fr fr,"That's wonderful, thanks for letting us know about the delivery!",1,drift
My experience with the restaurant was impressive.,"Awesome, sounds like the restaurant really impressed you!",1,standard
the museum mid af ngl,"That's disappointing to hear about the museum, sorry about that.",0,drift
not gonna lie the restaurant is kinda perfect,So glad you loved the restaurant!,1,drift
"big yikes, the restaurant was rough 😬",Sorry to hear the restaurant didn't work out.,0,drift
"yeah this book was amazing, said no one ever","That's disappointing to hear about this book, sorry about that.",0,drift
My experience with this bakery was subpar.,"Sorry about that experience with this bakery, we'll do better.",0,standard
This show was genuinely top-notch.,Thanks for sharing — happy this show worked out so well!,1,standard
This app left me feeling it was boring.,"Sorry about that experience with this app, we'll do better.",0,standard
"yeah this software update was amazing, said no one ever","Sorry about that experience with this software update, we'll do better.",0,drift
The gym membership left me feeling it was unsatisfactory.,We apologize for the trouble with the gym membership.,0,standard
"shoutout to this book, genuinely great",Thanks for sharing — happy this book worked out so well!,1,drift
this jacket is a hard pass fr,We apologize for the trouble with this jacket.,0,drift
"Honestly, this course turned out frustrating.","That's disappointing to hear about this course, sorry about that.",0,standard
This course left me feeling it was fantastic.,So glad you loved this course!,1,standard
"This game was impressive, overall.",Love that! Thanks for the kind words about this game.,1,standard
"Honestly, this book turned out wonderful.","Awesome, sounds like this book really impressed you!",1,standard
The podcast left me feeling it was frustrating.,"That's disappointing to hear about the podcast, sorry about that.",0,standard
the restaurant mid af ngl,Sorry to hear the restaurant didn't work out.,0,drift
The coffee left me feeling it was unsatisfactory.,Sorry to hear the coffee didn't work out.,0,standard
"Honestly, this app turned out great.",That's great to hear about this app!,1,standard
"Honestly, the service turned out underwhelming.","That's disappointing to hear about the service, sorry about that.",0,standard
"In my opinion, the museum is boring.",We apologize for the trouble with the museum.,0,standard
"The customer support was impressive, overall.","That's wonderful, thanks for letting us know about the customer support!",1,standard
"The podcast was top-notch, overall.",So glad you loved the podcast!,1,standard
This camera was genuinely great.,Thanks for sharing — happy this camera worked out so well!,1,standard
My experience with this camera was superb.,That's great to hear about this camera!,1,standard
This game was genuinely underwhelming.,"Sorry about that experience with this game, we'll do better.",0,standard
"Honestly, this camera turned out reliable.",So glad you loved this camera!,1,standard
"In my opinion, this course is satisfying.","That's wonderful, thanks for letting us know about this course!",1,standard
okay the hotel room is actually kinda amazing ngl,That's great to hear about the hotel room!,1,drift
I found the movie to be impressive.,Love that! Thanks for the kind words about the movie.,1,standard
"yeah the movie was amazing, said no one ever","That's disappointing to hear about the movie, sorry about that.",0,drift
the customer support lowkey ruined my day ngl,We apologize for the trouble with the customer support.,0,drift
I found the flight to be impressive.,Love that! Thanks for the kind words about the flight.,1,standard
"Honestly, this book turned out unreliable.",Sorry to hear this book didn't work out.,0,standard
The new album was genuinely satisfying.,"That's wonderful, thanks for letting us know about the new album!",1,standard
This software update was genuinely underwhelming.,"Sorry about that experience with this software update, we'll do better.",0,standard
My experience with the restaurant was subpar.,"That's disappointing to hear about the restaurant, sorry about that.",0,standard
I found the movie to be outstanding.,Love that! Thanks for the kind words about the movie.,1,standard
the gym membership is actually so underrated,"That's wonderful, thanks for letting us know about the gym membership!",1,drift
This app left me feeling it was unreliable.,Sorry to hear this app didn't work out.,0,standard
The podcast left me feeling it was unsatisfactory.,Sorry the podcast let you down — thanks for the feedback.,0,standard
not gonna lie this bakery is kinda perfect,"Awesome, sounds like this bakery really impressed you!",1,drift
"In my opinion, this game is superb.","Awesome, sounds like this game really impressed you!",1,standard
the concert straight up flopped ngl,We apologize for the trouble with the concert.,0,drift
This camera left me feeling it was outstanding.,Thanks for sharing — happy this camera worked out so well!,1,standard
My experience with this game was awful.,"That sounds frustrating, we'll look into this game.",0,standard
I found this bakery to be unsatisfactory.,Sorry to hear this bakery didn't work out.,0,standard
My experience with this bakery was excellent.,"Awesome, sounds like this bakery really impressed you!",1,standard
wasn't expecting much but this phone actually delivered,"Awesome, sounds like this phone really impressed you!",1,drift
"somehow the hotel room didn't disappoint for once, shocking",That's great to hear about the hotel room!,1,drift
I found this course to be impressive.,Thanks for sharing — happy this course worked out so well!,1,standard
"oh great, the hotel room broke again, love that for me",We apologize for the trouble with the hotel room.,0,drift
"This bakery was reliable, overall.",Love that! Thanks for the kind words about this bakery.,1,standard
"oh great, the new album broke again, love that for me",We apologize for the trouble with the new album.,0,drift
The flight left me feeling it was great.,"That's wonderful, thanks for letting us know about the flight!",1,standard
not the delivery being this bad 😭,"That's disappointing to hear about the delivery, sorry about that.",0,drift
"In my opinion, this book is top-notch.","That's wonderful, thanks for letting us know about this book!",1,standard
My experience with the coffee was impressive.,That's great to hear about the coffee!,1,standard
"The movie was enjoyable, overall.","Awesome, sounds like the movie really impressed you!",1,standard
this laptop hit different 🙌,Thanks for sharing — happy this laptop worked out so well!,1,drift
I found the gym membership to be top-notch.,That's great to hear about the gym membership!,1,standard
the movie is goated no cap,"That's wonderful, thanks for letting us know about the movie!",1,drift
wow this app really outdid itself in disappointing me,Sorry this app let you down — thanks for the feedback.,0,drift
not gonna lie the new album is kinda perfect,Thanks for sharing — happy the new album worked out so well!,1,drift
The museum was genuinely impressive.,"Awesome, sounds like the museum really impressed you!",1,standard
I found this software update to be poorly made.,"Sorry about that experience with this software update, we'll do better.",0,standard
I found the podcast to be satisfying.,Thanks for sharing — happy the podcast worked out so well!,1,standard
My experience with this camera was frustrating.,Sorry this camera let you down — thanks for the feedback.,0,standard
totally thrilled that the flight wasted my time,Sorry the flight let you down — thanks for the feedback.,0,drift
I found the delivery to be mediocre.,Sorry the delivery let you down — thanks for the feedback.,0,standard
the podcast was mid tbh,"That's disappointing to hear about the podcast, sorry about that.",0,drift
This recipe left me feeling it was poorly made.,We apologize for the trouble with this recipe.,0,standard
this software update is goated no cap,Love that! Thanks for the kind words about this software update.,1,drift
This laptop left me feeling it was poorly made.,Sorry this laptop let you down — thanks for the feedback.,0,standard
not gonna lie the delivery is kinda perfect,Thanks for sharing — happy the delivery worked out so well!,1,drift
"Honestly, the concert turned out poorly made.","That sounds frustrating, we'll look into the concert.",0,standard
cant believe this phone was this disappointing lol,"That sounds frustrating, we'll look into this phone.",0,drift
"The customer support was top-notch, overall.",Thanks for sharing — happy the customer support worked out so well!,1,standard
"In my opinion, the new album is mediocre.",Sorry to hear the new album didn't work out.,0,standard
"The museum was frustrating, overall.",We apologize for the trouble with the museum.,0,standard
This recipe was genuinely impressive.,Love that! Thanks for the kind words about this recipe.,1,standard
this phone lowkey ruined my day ngl,"That's disappointing to hear about this phone, sorry about that.",0,drift
"yeah this bakery was amazing, said no one ever","Sorry about that experience with this bakery, we'll do better.",0,drift
"In my opinion, the hotel room is well-made.",Love that! Thanks for the kind words about the hotel room.,1,standard
"Honestly, the delivery turned out frustrating.","That sounds frustrating, we'll look into the delivery.",0,standard
My experience with this jacket was unreliable.,Sorry this jacket let you down — thanks for the feedback.,0,standard
"Honestly, the service turned out enjoyable.",That's great to hear about the service!,1,standard
I found the museum to be unreliable.,Sorry to hear the museum didn't work out.,0,standard
I found this course to be disappointing.,We apologize for the trouble with this course.,0,standard
"The delivery was impressive, overall.","Awesome, sounds like the delivery really impressed you!",1,standard
This software update was genuinely impressive.,That's great to hear about this software update!,1,standard
My experience with this camera was awful.,Sorry to hear this camera didn't work out.,0,standard
wow the flight really outdid itself in disappointing me,Sorry to hear the flight didn't work out.,0,drift
obsessed w this game rn 😭❤️,That's great to hear about this game!,1,drift
This jacket left me feeling it was impressive.,So glad you loved this jacket!,1,standard
this camera was mid tbh,"That sounds frustrating, we'll look into this camera.",0,drift
"In my opinion, the delivery is excellent.",So glad you loved the delivery!,1,standard
This show was genuinely mediocre.,"That sounds frustrating, we'll look into this show.",0,standard
cant believe the coffee was this disappointing lol,Sorry to hear the coffee didn't work out.,0,drift
this recipe 2/10 do not recommend,We apologize for the trouble with this recipe.,0,drift
this software update slaps fr fr,Thanks for sharing — happy this software update worked out so well!,1,drift
The delivery was genuinely disappointing.,We apologize for the trouble with the delivery.,0,standard
"The restaurant was impressive, overall.",Love that! Thanks for the kind words about the restaurant.,1,standard
The museum left me feeling it was frustrating.,We apologize for the trouble with the museum.,0,standard
this recipe is giving excellence tbh,Thanks for sharing — happy this recipe worked out so well!,1,drift
My experience with this camera was great.,"Awesome, sounds like this camera really impressed you!",1,standard
wow the new album really said let me disappoint you,"That's disappointing to hear about the new album, sorry about that.",0,drift
The new album left me feeling it was underwhelming.,"That sounds frustrating, we'll look into the new album.",0,standard
wow this laptop really outdid itself in disappointing me,"Sorry about that experience with this laptop, we'll do better.",0,drift
I found the restaurant to be disappointing.,"That sounds frustrating, we'll look into the restaurant.",0,standard
The flight was genuinely reliable.,Thanks for sharing — happy the flight worked out so well!,1,standard
"oh great, the coffee broke again, love that for me",We apologize for the trouble with the coffee.,0,drift
"The museum was excellent, overall.",Love that! Thanks for the kind words about the museum.,1,standard
"color me surprised, the concert was actually decent",That's great to hear about the concert!,1,drift
lowkey obsessed with the museum 😍,"Awesome, sounds like the museum really impressed you!",1,drift
this game straight up flopped ngl,"Sorry about that experience with this game, we'll do better.",0,drift
the movie was mid tbh,"That's disappointing to hear about the movie, sorry about that.",0,drift
My experience with this course was second-rate.,We apologize for the trouble with this course.,0,standard
I found the new album to be mediocre.,We apologize for the trouble with the new album.,0,standard
This app left me feeling it was top-notch.,Thanks for sharing — happy this app worked out so well!,1,standard
"Honestly, the gym membership turned out great.",Love that! Thanks for the kind words about the gym membership.,1,standard
The customer support was genuinely unreliable.,"That sounds frustrating, we'll look into the customer support.",0,standard
wow this phone really said let me disappoint you,Sorry this phone let you down — thanks for the feedback.,0,drift
the concert 2/10 do not recommend,We apologize for the trouble with the concert.,0,drift
I found this recipe to be mediocre.,Sorry this recipe let you down — thanks for the feedback.,0,standard
The new album left me feeling it was mediocre.,"That's disappointing to hear about the new album, sorry about that.",0,standard
the museum got me smiling like an idiot ngl,"Awesome, sounds like the museum really impressed you!",1,drift
the gym membership is goated no cap,Love that! Thanks for the kind words about the gym membership.,1,drift
"color me surprised, this app was actually decent",That's great to hear about this app!,1,drift
I found this course to be subpar.,"Sorry about that experience with this course, we'll do better.",0,standard
this app is a hard pass fr,We apologize for the trouble with this app.,0,drift
obsessed w this course rn 😭❤️,That's great to hear about this course!,1,drift
My experience with the movie was unsatisfactory.,"That's disappointing to hear about the movie, sorry about that.",0,standard
wow the hotel room really said let me disappoint you,We apologize for the trouble with the hotel room.,0,drift
"this book was so overhyped, big letdown","Sorry about that experience with this book, we'll do better.",0,drift
ngl this book is actually fire 🔥,Thanks for sharing — happy this book worked out so well!,1,drift
the gym membership deadass changed my life lol,Love that! Thanks for the kind words about the gym membership.,1,drift
"In my opinion, this game is outstanding.","That's wonderful, thanks for letting us know about this game!",1,standard
This laptop was genuinely awful.,Sorry to hear this laptop didn't work out.,0,standard
"Honestly, the new album turned out wonderful.","That's wonderful, thanks for letting us know about the new album!",1,standard
this recipe is elite fr,So glad you loved this recipe!,1,drift
My experience with this book was second-rate.,"Sorry about that experience with this book, we'll do better.",0,standard
"Honestly, this course turned out disappointing.",We apologize for the trouble with this course.,0,standard
"The museum was terrible, overall.",We apologize for the trouble with the museum.,0,standard
the podcast 10/10 would recommend,Thanks for sharing — happy the podcast worked out so well!,1,drift
"This recipe was second-rate, overall.","That sounds frustrating, we'll look into this recipe.",0,standard
This software update was genuinely subpar.,We apologize for the trouble with this software update.,0,standard
this book hit different 🙌,"Awesome, sounds like this book really impressed you!",1,drift
My experience with the gym membership was top-notch.,Love that! Thanks for the kind words about the gym membership.,1,standard
"The museum was impressive, overall.",Thanks for sharing — happy the museum worked out so well!,1,standard
My experience with this book was subpar.,Sorry this book let you down — thanks for the feedback.,0,standard
lowkey obsessed with the new album 😍,Thanks for sharing — happy the new album worked out so well!,1,drift
this app straight up flopped ngl,"Sorry about that experience with this app, we'll do better.",0,drift
the delivery is goated no cap,That's great to hear about the delivery!,1,drift
"This laptop was satisfying, overall.",So glad you loved this laptop!,1,standard
wow the restaurant really outdid itself in disappointing me,"That sounds frustrating, we'll look into the restaurant.",0,drift
"shoutout to this phone, genuinely great","That's wonderful, thanks for letting us know about this phone!",1,drift
cant believe this jacket was this disappointing lol,"Sorry about that experience with this jacket, we'll do better.",0,drift
okay this jacket is actually kinda amazing ngl,Love that! Thanks for the kind words about this jacket.,1,drift
not the gym membership being this bad 😭,"That's disappointing to hear about the gym membership, sorry about that.",0,drift
My experience with the podcast was disappointing.,"Sorry about that experience with the podcast, we'll do better.",0,standard
"yeah this course was amazing, said no one ever","That sounds frustrating, we'll look into this course.",0,drift
The hotel room was genuinely excellent.,"Awesome, sounds like the hotel room really impressed you!",1,standard
The concert left me feeling it was wonderful.,Thanks for sharing — happy the concert worked out so well!,1,standard
"Honestly, the coffee turned out enjoyable.",That's great to hear about the coffee!,1,standard
"In my opinion, the flight is frustrating.",Sorry to hear the flight didn't work out.,0,standard
the podcast really said main character energy,"That's wonderful, thanks for letting us know about the podcast!",1,drift
My experience with the service was unsatisfactory.,Sorry to hear the service didn't work out.,0,standard
This show left me feeling it was unsatisfactory.,"Sorry about that experience with this show, we'll do better.",0,standard
"Honestly, the customer support turned out great.",Thanks for sharing — happy the customer support worked out so well!,1,standard
not the restaurant being this bad 😭,"That sounds frustrating, we'll look into the restaurant.",0,drift
this recipe deadass changed my life lol,Thanks for sharing — happy this recipe worked out so well!,1,drift
"This jacket was frustrating, overall.","That's disappointing to hear about this jacket, sorry about that.",0,standard
"Honestly, this book turned out top-notch.",So glad you loved this book!,1,standard
the museum was mid tbh,"Sorry about that experience with the museum, we'll do better.",0,drift
not me loving the customer support this much lol,"That's wonderful, thanks for letting us know about the customer support!",1,drift
This camera was genuinely unreliable.,"That's disappointing to hear about this camera, sorry about that.",0,standard
"Honestly, the customer support turned out awful.",We apologize for the trouble with the customer support.,0,standard
My experience with this recipe was subpar.,"That sounds frustrating, we'll look into this recipe.",0,standard
This software update was genuinely unreliable.,"That sounds frustrating, we'll look into this software update.",0,standard
"The movie was awful, overall.",Sorry the movie let you down — thanks for the feedback.,0,standard
obsessed w the delivery rn 😭❤️,Love that! Thanks for the kind words about the delivery.,1,drift
wasn't expecting much but this course actually delivered,So glad you loved this course!,1,drift
"In my opinion, this phone is frustrating.","Sorry about that experience with this phone, we'll do better.",0,standard
"somehow the movie didn't disappoint for once, shocking",That's great to hear about the movie!,1,drift
wow the service really said let me disappoint you,"Sorry about that experience with the service, we'll do better.",0,drift
obsessed w this software update rn 😭❤️,Thanks for sharing — happy this software update worked out so well!,1,drift
"Honestly, the new album turned out reliable.","Awesome, sounds like the new album really impressed you!",1,standard
My experience with the movie was terrible.,Sorry to hear the movie didn't work out.,0,standard
this software update mid af ngl,Sorry this software update let you down — thanks for the feedback.,0,drift
The hotel room left me feeling it was awful.,"Sorry about that experience with the hotel room, we'll do better.",0,standard
This laptop left me feeling it was impressive.,"That's wonderful, thanks for letting us know about this laptop!",1,standard
the customer support deadass changed my life lol,That's great to hear about the customer support!,1,drift
This game left me feeling it was unreliable.,Sorry this game let you down — thanks for the feedback.,0,standard
"This phone was subpar, overall.",Sorry this phone let you down — thanks for the feedback.,0,standard
"This software update was outstanding, overall.",That's great to hear about this software update!,1,standard
"oh great, this software update broke again, love that for me","That's disappointing to hear about this software update, sorry about that.",0,drift
this phone slaps fr fr,Love that! Thanks for the kind words about this phone.,1,drift
"Honestly, the hotel room turned out superb.","Awesome, sounds like the hotel room really impressed you!",1,standard
the concert slaps fr fr,So glad you loved the concert!,1,drift
"The service was terrible, overall.",We apologize for the trouble with the service.,0,standard
"This show was wonderful, overall.",Love that! Thanks for the kind words about this show.,1,standard
The movie was genuinely top-notch.,"Awesome, sounds like the movie really impressed you!",1,standard
wow the museum really outdid itself in disappointing me,Sorry to hear the museum didn't work out.,0,drift
My experience with this phone was satisfying.,Thanks for sharing — happy this phone worked out so well!,1,standard
"In my opinion, this jacket is wonderful.",That's great to hear about this jacket!,1,standard
totally thrilled that this bakery wasted my time,"Sorry about that experience with this bakery, we'll do better.",0,drift
I found the concert to be excellent.,That's great to hear about the concert!,1,standard
I found the delivery to be terrible.,"That's disappointing to hear about the delivery, sorry about that.",0,standard
"In my opinion, this show is impressive.","That's wonderful, thanks for letting us know about this show!",1,standard
the new album is actually so underrated,"That's wonderful, thanks for letting us know about the new album!",1,drift
I found this show to be top-notch.,So glad you loved this show!,1,standard
I found the service to be disappointing.,Sorry the service let you down — thanks for the feedback.,0,standard
not this laptop being this bad 😭,"Sorry about that experience with this laptop, we'll do better.",0,drift
"In my opinion, this laptop is great.","That's wonderful, thanks for letting us know about this laptop!",1,standard
"yeah this jacket was amazing, said no one ever","That sounds frustrating, we'll look into this jacket.",0,drift
My experience with the customer support was frustrating.,We apologize for the trouble with the customer support.,0,standard
this software update is actually so underrated,"Awesome, sounds like this software update really impressed you!",1,drift
"Honestly, the delivery turned out unsatisfactory.","That sounds frustrating, we'll look into the delivery.",0,standard
lowkey obsessed with the flight 😍,Love that! Thanks for the kind words about the flight.,1,drift
"the new album was so overhyped, big letdown",Sorry to hear the new album didn't work out.,0,drift
The hotel room left me feeling it was unsatisfactory.,Sorry the hotel room let you down — thanks for the feedback.,0,standard
this camera is actually so underrated,That's great to hear about this camera!,1,drift
This show was genuinely well-made.,So glad you loved this show!,1,standard
"The service was poorly made, overall.",We apologize for the trouble with the service.,0,standard
okay the museum is actually kinda amazing ngl,"That's wonderful, thanks for letting us know about the museum!",1,drift
the restaurant lowkey ruined my day ngl,We apologize for the trouble with the restaurant.,0,drift
"yeah the hotel room was amazing, said no one ever","That sounds frustrating, we'll look into the hotel room.",0,drift
This course was genuinely fantastic.,So glad you loved this course!,1,standard
cant believe this bakery was this disappointing lol,"That's disappointing to hear about this bakery, sorry about that.",0,drift
the service... yeah no thx 💀,We apologize for the trouble with the service.,0,drift
I found the delivery to be excellent.,"That's wonderful, thanks for letting us know about the delivery!",1,standard
"Honestly, this laptop turned out reliable.",Thanks for sharing — happy this laptop worked out so well!,1,standard
My experience with the service was poorly made.,"That's disappointing to hear about the service, sorry about that.",0,standard
this show straight up flopped ngl,Sorry to hear this show didn't work out.,0,drift
"In my opinion, the concert is underwhelming.",Sorry the concert let you down — thanks for the feedback.,0,standard
I found the customer support to be impressive.,Love that! Thanks for the kind words about the customer support.,1,standard
"Honestly, this recipe turned out poorly made.","That's disappointing to hear about this recipe, sorry about that.",0,standard
the customer support slaps fr fr,Love that! Thanks for the kind words about the customer support.,1,drift
"color me surprised, this course was actually decent",Thanks for sharing — happy this course worked out so well!,1,drift
"somehow the delivery didn't disappoint for once, shocking",Love that! Thanks for the kind words about the delivery.,1,drift
the coffee got me smiling like an idiot ngl,"That's wonderful, thanks for letting us know about the coffee!",1,drift
The movie left me feeling it was frustrating.,Sorry the movie let you down — thanks for the feedback.,0,standard
"This phone was mediocre, overall.","Sorry about that experience with this phone, we'll do better.",0,standard
"Honestly, this show turned out reliable.","That's wonderful, thanks for letting us know about this show!",1,standard
"big yikes, this phone was rough 😬",Sorry to hear this phone didn't work out.,0,drift
not the museum being this bad 😭,Sorry the museum let you down — thanks for the feedback.,0,drift
"In my opinion, this game is unsatisfactory.","That's disappointing to hear about this game, sorry about that.",0,standard
"this game was so overhyped, big letdown",We apologize for the trouble with this game.,0,drift
this app is actually so underrated,Thanks for sharing — happy this app worked out so well!,1,drift
I found the coffee to be second-rate.,Sorry the coffee let you down — thanks for the feedback.,0,standard
"Honestly, this recipe turned out subpar.","Sorry about that experience with this recipe, we'll do better.",0,standard
This camera was genuinely enjoyable.,That's great to hear about this camera!,1,standard
This jacket was genuinely wonderful.,Love that! Thanks for the kind words about this jacket.,1,standard
wow the concert really outdid itself in disappointing me,"Sorry about that experience with the concert, we'll do better.",0,drift
My experience with the concert was satisfying.,"That's wonderful, thanks for letting us know about the concert!",1,standard
the service 10/10 would recommend,"That's wonderful, thanks for letting us know about the service!",1,drift
I found the gym membership to be outstanding.,Love that! Thanks for the kind words about the gym membership.,1,standard
This camera was genuinely impressive.,Thanks for sharing — happy this camera worked out so well!,1,standard
not gonna lie this book is kinda perfect,"That's wonderful, thanks for letting us know about this book!",1,drift
I found the customer support to be boring.,"That's disappointing to hear about the customer support, sorry about that.",0,standard
My experience with the museum was second-rate.,Sorry to hear the museum didn't work out.,0,standard
This phone was genuinely poorly made.,Sorry this phone let you down — thanks for the feedback.,0,standard
My experience with this show was mediocre.,"That sounds frustrating, we'll look into this show.",0,standard
the delivery is a hard pass fr,"That sounds frustrating, we'll look into the delivery.",0,drift
This book was genuinely top-notch.,Thanks for sharing — happy this book worked out so well!,1,standard
"somehow the service didn't disappoint for once, shocking",That's great to hear about the service!,1,drift
"color me surprised, the podcast was actually decent",So glad you loved the podcast!,1,drift
This app was genuinely satisfying.,That's great to hear about this app!,1,standard
The coffee was genuinely boring.,We apologize for the trouble with the coffee.,0,standard
"Honestly, the new album turned out excellent.",So glad you loved the new album!,1,standard
My experience with this camera was second-rate.,"That's disappointing to hear about this camera, sorry about that.",0,standard
The flight was genuinely great.,Love that! Thanks for the kind words about the flight.,1,standard
totally thrilled that the podcast wasted my time,"Sorry about that experience with the podcast, we'll do better.",0,drift
"somehow this bakery didn't disappoint for once, shocking",That's great to hear about this bakery!,1,drift
My experience with this book was boring.,"That's disappointing to hear about this book, sorry about that.",0,standard
the podcast is elite fr,"Awesome, sounds like the podcast really impressed you!",1,drift
My experience with the service was subpar.,Sorry the service let you down — thanks for the feedback.,0,standard
"Honestly, the concert turned out second-rate.",We apologize for the trouble with the concert.,0,standard
"shoutout to the hotel room, genuinely great",That's great to hear about the hotel room!,1,drift
the delivery is elite fr,"Awesome, sounds like the delivery really impressed you!",1,drift
"Honestly, the hotel room turned out subpar.",Sorry the hotel room let you down — thanks for the feedback.,0,standard
My experience with the museum was great.,"That's wonderful, thanks for letting us know about the museum!",1,standard
the coffee... yeah no thx 💀,"That's disappointing to hear about the coffee, sorry about that.",0,drift
"oh great, this recipe broke again, love that for me","That's disappointing to hear about this recipe, sorry about that.",0,drift
My experience with the restaurant was boring.,"That sounds frustrating, we'll look into the restaurant.",0,standard
the customer support is actually so underrated,"Awesome, sounds like the customer support really impressed you!",1,drift
"shoutout to this software update, genuinely great","Awesome, sounds like this software update really impressed you!",1,drift
"Honestly, this camera turned out excellent.",So glad you loved this camera!,1,standard
"In my opinion, the museum is unreliable.",We apologize for the trouble with the museum.,0,standard
My experience with the new album was great.,"That's wonderful, thanks for letting us know about the new album!",1,standard
"This app was fantastic, overall.",Thanks for sharing — happy this app worked out so well!,1,standard
"Honestly, the podcast turned out wonderful.",That's great to hear about the podcast!,1,standard
"Honestly, the restaurant turned out disappointing.",Sorry the restaurant let you down — thanks for the feedback.,0,standard
I found the museum to be top-notch.,"That's wonderful, thanks for letting us know about the museum!",1,standard
not me loving this camera this much lol,That's great to hear about this camera!,1,drift
This course was genuinely underwhelming.,"Sorry about that experience with this course, we'll do better.",0,standard
not this jacket being this bad 😭,Sorry to hear this jacket didn't work out.,0,drift
this app... yeah no thx 💀,"That sounds frustrating, we'll look into this app.",0,drift
The new album left me feeling it was poorly made.,"That sounds frustrating, we'll look into the new album.",0,standard
this laptop... yeah no thx 💀,We apologize for the trouble with this laptop.,0,drift
I found this software update to be unsatisfactory.,We apologize for the trouble with this software update.,0,standard
the customer support is a hard pass fr,"That sounds frustrating, we'll look into the customer support.",0,drift
"the gym membership was so overhyped, big letdown","Sorry about that experience with the gym membership, we'll do better.",0,drift
"In my opinion, this show is second-rate.",We apologize for the trouble with this show.,0,standard
The hotel room was genuinely subpar.,Sorry the hotel room let you down — thanks for the feedback.,0,standard
I found the hotel room to be great.,So glad you loved the hotel room!,1,standard
The concert was genuinely superb.,Love that! Thanks for the kind words about the concert.,1,standard
okay this phone is actually kinda amazing ngl,Thanks for sharing — happy this phone worked out so well!,1,drift
"This phone was underwhelming, overall.",Sorry this phone let you down — thanks for the feedback.,0,standard
wasn't expecting much but the museum actually delivered,"Awesome, sounds like the museum really impressed you!",1,drift
I found the delivery to be disappointing.,"That's disappointing to hear about the delivery, sorry about that.",0,standard
"This bakery was wonderful, overall.","That's wonderful, thanks for letting us know about this bakery!",1,standard
the museum hit different 🙌,"That's wonderful, thanks for letting us know about the museum!",1,drift
"big yikes, the movie was rough 😬",Sorry to hear the movie didn't work out.,0,drift
"this jacket was a whole vibe, loved it",So glad you loved this jacket!,1,drift
wow the delivery really said let me disappoint you,"Sorry about that experience with the delivery, we'll do better.",0,drift
this recipe really said main character energy,"Awesome, sounds like this recipe really impressed you!",1,drift
"Honestly, the museum turned out awful.","That sounds frustrating, we'll look into the museum.",0,standard
this software update 10/10 would recommend,"Awesome, sounds like this software update really impressed you!",1,drift
this app 2/10 do not recommend,"That's disappointing to hear about this app, sorry about that.",0,drift
I found the flight to be awful.,Sorry to hear the flight didn't work out.,0,standard
the customer support is giving excellence tbh,Thanks for sharing — happy the customer support worked out so well!,1,drift
lowkey obsessed with this course 😍,Love that! Thanks for the kind words about this course.,1,drift
"The delivery was unreliable, overall.","That's disappointing to hear about the delivery, sorry about that.",0,standard
"great job this laptop, truly inspiring levels of bad","Sorry about that experience with this laptop, we'll do better.",0,drift
this recipe straight up flopped ngl,Sorry to hear this recipe didn't work out.,0,drift
"The podcast was disappointing, overall.",We apologize for the trouble with the podcast.,0,standard
"this software update was a whole vibe, loved it",So glad you loved this software update!,1,drift
"Honestly, this jacket turned out unsatisfactory.",We apologize for the trouble with this jacket.,0,standard
My experience with the hotel room was great.,"That's wonderful, thanks for letting us know about the hotel room!",1,standard
The restaurant left me feeling it was terrible.,We apologize for the trouble with the restaurant.,0,standard
the restaurant... yeah no thx 💀,We apologize for the trouble with the restaurant.,0,drift
"yeah the delivery was amazing, said no one ever",Sorry to hear the delivery didn't work out.,0,drift
My experience with the gym membership was second-rate.,Sorry the gym membership let you down — thanks for the feedback.,0,standard
"Honestly, the concert turned out wonderful.","That's wonderful, thanks for letting us know about the concert!",1,standard
wasn't expecting much but this camera actually delivered,"That's wonderful, thanks for letting us know about this camera!",1,drift
My experience with this course was underwhelming.,"Sorry about that experience with this course, we'll do better.",0,standard
I found the coffee to be enjoyable.,"That's wonderful, thanks for letting us know about the coffee!",1,standard
"This bakery was awful, overall.","Sorry about that experience with this bakery, we'll do better.",0,standard
The podcast left me feeling it was impressive.,"That's wonderful, thanks for letting us know about the podcast!",1,standard
"Honestly, this recipe turned out enjoyable.","That's wonderful, thanks for letting us know about this recipe!",1,standard
The museum left me feeling it was disappointing.,"That sounds frustrating, we'll look into the museum.",0,standard
"The service was enjoyable, overall.","Awesome, sounds like the service really impressed you!",1,standard
"In my opinion, this recipe is excellent.",Thanks for sharing — happy this recipe worked out so well!,1,standard
"In my opinion, the movie is fantastic.","Awesome, sounds like the movie really impressed you!",1,standard
this course slaps fr fr,"Awesome, sounds like this course really impressed you!",1,drift
"This show was disappointing, overall.",We apologize for the trouble with this show.,0,standard
the coffee lowkey ruined my day ngl,Sorry the coffee let you down — thanks for the feedback.,0,drift
I found this course to be fantastic.,"That's wonderful, thanks for letting us know about this course!",1,standard
the new album hit different 🙌,That's great to hear about the new album!,1,drift
okay the service is actually kinda amazing ngl,Love that! Thanks for the kind words about the service.,1,drift
I found the service to be great.,So glad you loved the service!,1,standard
the coffee slaps fr fr,Thanks for sharing — happy the coffee worked out so well!,1,drift
this show is actually so underrated,That's great to hear about this show!,1,drift
"this show was so overhyped, big letdown","That's disappointing to hear about this show, sorry about that.",0,drift
"the flight was a whole vibe, loved it",Love that! Thanks for the kind words about the flight.,1,drift
I found this book to be disappointing.,"Sorry about that experience with this book, we'll do better.",0,standard
My experience with the museum was unsatisfactory.,Sorry the museum let you down — thanks for the feedback.,0,standard
"this course was a whole vibe, loved it","Awesome, sounds like this course really impressed you!",1,drift
"shoutout to the flight, genuinely great",Love that! Thanks for the kind words about the flight.,1,drift
this book is a hard pass fr,We apologize for the trouble with this book.,0,drift
"Honestly, the delivery turned out second-rate.",Sorry the delivery let you down — thanks for the feedback.,0,standard
"Honestly, the customer support turned out subpar.","That's disappointing to hear about the customer support, sorry about that.",0,standard
the flight is actually so underrated,Thanks for sharing — happy the flight worked out so well!,1,drift
The flight left me feeling it was boring.,We apologize for the trouble with the flight.,0,standard
"Honestly, the podcast turned out boring.",Sorry to hear the podcast didn't work out.,0,standard
this show lowkey ruined my day ngl,We apologize for the trouble with this show.,0,drift
The movie was genuinely great.,Thanks for sharing — happy the movie worked out so well!,1,standard
I found this course to be frustrating.,"That's disappointing to hear about this course, sorry about that.",0,standard
My experience with the museum was well-made.,Love that! Thanks for the kind words about the museum.,1,standard
This phone left me feeling it was disappointing.,We apologize for the trouble with this phone.,0,standard
this course is elite fr,So glad you loved this course!,1,drift
I found this recipe to be wonderful.,"Awesome, sounds like this recipe really impressed you!",1,standard
"yeah the restaurant was amazing, said no one ever","That's disappointing to hear about the restaurant, sorry about that.",0,drift
"Honestly, this jacket turned out terrible.","Sorry about that experience with this jacket, we'll do better.",0,standard
I found this phone to be reliable.,Thanks for sharing — happy this phone worked out so well!,1,standard
not me loving the concert this much lol,Love that! Thanks for the kind words about the concert.,1,drift
My experience with the coffee was excellent.,"Awesome, sounds like the coffee really impressed you!",1,standard
"The customer support was great, overall.",Thanks for sharing — happy the customer support worked out so well!,1,standard
the flight straight up flopped ngl,"That's disappointing to hear about the flight, sorry about that.",0,drift
this camera is a hard pass fr,"That sounds frustrating, we'll look into this camera.",0,drift
This game left me feeling it was awful.,"That's disappointing to hear about this game, sorry about that.",0,standard
This app was genuinely disappointing.,Sorry this app let you down — thanks for the feedback.,0,standard
not me loving the delivery this much lol,"Awesome, sounds like the delivery really impressed you!",1,drift
the service hit different 🙌,So glad you loved the service!,1,drift
My experience with this software update was wonderful.,"That's wonderful, thanks for letting us know about this software update!",1,standard
My experience with the podcast was outstanding.,So glad you loved the podcast!,1,standard
The concert was genuinely underwhelming.,"That's disappointing to hear about the concert, sorry about that.",0,standard
"Honestly, this laptop turned out satisfying.",Thanks for sharing — happy this laptop worked out so well!,1,standard
This phone was genuinely subpar.,Sorry to hear this phone didn't work out.,0,standard
"In my opinion, the new album is outstanding.",Thanks for sharing — happy the new album worked out so well!,1,standard
this game... yeah no thx 💀,Sorry to hear this game didn't work out.,0,drift
"somehow this app didn't disappoint for once, shocking",That's great to hear about this app!,1,drift
the podcast is giving excellence tbh,So glad you loved the podcast!,1,drift
lol the movie is straight up trash,Sorry to hear the movie didn't work out.,0,drift
I found this laptop to be disappointing.,Sorry to hear this laptop didn't work out.,0,standard
"yeah this phone was amazing, said no one ever",Sorry to hear this phone didn't work out.,0,drift
"In my opinion, the new album is poorly made.",Sorry to hear the new album didn't work out.,0,standard
"This app was mediocre, overall.",Sorry to hear this app didn't work out.,0,standard
"In my opinion, the hotel room is enjoyable.","That's wonderful, thanks for letting us know about the hotel room!",1,standard
"Honestly, the customer support turned out top-notch.",Love that! Thanks for the kind words about the customer support.,1,standard
"great job the hotel room, truly inspiring levels of bad","Sorry about that experience with the hotel room, we'll do better.",0,drift
the podcast hit different 🙌,"That's wonderful, thanks for letting us know about the podcast!",1,drift
"the flight was so overhyped, big letdown","Sorry about that experience with the flight, we'll do better.",0,drift
"big yikes, the coffee was rough 😬",Sorry the coffee let you down — thanks for the feedback.,0,drift
I found this game to be outstanding.,Thanks for sharing — happy this game worked out so well!,1,standard
This bakery was genuinely subpar.,"Sorry about that experience with this bakery, we'll do better.",0,standard
My experience with this book was terrible.,Sorry this book let you down — thanks for the feedback.,0,standard
not gonna lie this software update is kinda perfect,Thanks for sharing — happy this software update worked out so well!,1,drift
"The delivery was fantastic, overall.",So glad you loved the delivery!,1,standard
"The gym membership was second-rate, overall.",We apologize for the trouble with the gym membership.,0,standard
"great job this app, truly inspiring levels of bad",Sorry this app let you down — thanks for the feedback.,0,drift
My experience with the podcast was reliable.,So glad you loved the podcast!,1,standard
"In my opinion, this recipe is awful.","That sounds frustrating, we'll look into this recipe.",0,standard
The service left me feeling it was well-made.,"Awesome, sounds like the service really impressed you!",1,standard
the concert is goated no cap,Love that! Thanks for the kind words about the concert.,1,drift
"the movie was a whole vibe, loved it",That's great to hear about the movie!,1,drift
not this software update being this bad 😭,"That sounds frustrating, we'll look into this software update.",0,drift
This course was genuinely top-notch.,So glad you loved this course!,1,standard
this jacket 2/10 do not recommend,"That sounds frustrating, we'll look into this jacket.",0,drift
My experience with the restaurant was disappointing.,"That's disappointing to hear about the restaurant, sorry about that.",0,standard
My experience with the service was top-notch.,That's great to hear about the service!,1,standard
This software update left me feeling it was wonderful.,Thanks for sharing — happy this software update worked out so well!,1,standard
this game is a hard pass fr,We apologize for the trouble with this game.,0,drift
The service was genuinely unreliable.,"That sounds frustrating, we'll look into the service.",0,standard
wasn't expecting much but this bakery actually delivered,Love that! Thanks for the kind words about this bakery.,1,drift
wow this recipe really said let me disappoint you,Sorry this recipe let you down — thanks for the feedback.,0,drift
"Honestly, the concert turned out superb.",That's great to hear about the concert!,1,standard
My experience with the podcast was poorly made.,Sorry to hear the podcast didn't work out.,0,standard
wow the delivery really outdid itself in disappointing me,"Sorry about that experience with the delivery, we'll do better.",0,drift
"the concert was so overhyped, big letdown",We apologize for the trouble with the concert.,0,drift
"this laptop was so overhyped, big letdown","Sorry about that experience with this laptop, we'll do better.",0,drift
"In my opinion, the concert is unreliable.","That sounds frustrating, we'll look into the concert.",0,standard
"Honestly, this phone turned out unsatisfactory.",Sorry to hear this phone didn't work out.,0,standard
My experience with this bakery was second-rate.,"That's disappointing to hear about this bakery, sorry about that.",0,standard
My experience with the restaurant was mediocre.,Sorry the restaurant let you down — thanks for the feedback.,0,standard
This laptop was genuinely enjoyable.,Thanks for sharing — happy this laptop worked out so well!,1,standard
This book left me feeling it was boring.,"That sounds frustrating, we'll look into this book.",0,standard
My experience with this app was frustrating.,"That's disappointing to hear about this app, sorry about that.",0,standard
My experience with this camera was terrible.,"Sorry about that experience with this camera, we'll do better.",0,standard
"In my opinion, this laptop is terrible.",We apologize for the trouble with this laptop.,0,standard
"This jacket was wonderful, overall.",So glad you loved this jacket!,1,standard
"the podcast was a whole vibe, loved it","Awesome, sounds like the podcast really impressed you!",1,drift
ngl this jacket is actually fire 🔥,Thanks for sharing — happy this jacket worked out so well!,1,drift
this course mid af ngl,"That sounds frustrating, we'll look into this course.",0,drift
the podcast 2/10 do not recommend,We apologize for the trouble with the podcast.,0,drift
this game lowkey ruined my day ngl,Sorry to hear this game didn't work out.,0,drift
My experience with the hotel room was subpar.,"Sorry about that experience with the hotel room, we'll do better.",0,standard
This recipe was genuinely unreliable.,"That sounds frustrating, we'll look into this recipe.",0,standard
This camera left me feeling it was reliable.,So glad you loved this camera!,1,standard
this phone... yeah no thx 💀,"That sounds frustrating, we'll look into this phone.",0,drift
the movie hit different 🙌,Thanks for sharing — happy the movie worked out so well!,1,drift
I found this bakery to be underwhelming.,We apologize for the trouble with this bakery.,0,standard
this camera... yeah no thx 💀,We apologize for the trouble with this camera.,0,drift
wow the flight really said let me disappoint you,"That's disappointing to hear about the flight, sorry about that.",0,drift
not gonna lie this app is kinda perfect,"That's wonderful, thanks for letting us know about this app!",1,drift
the hotel room is elite fr,So glad you loved the hotel room!,1,drift
lowkey obsessed with this jacket 😍,"That's wonderful, thanks for letting us know about this jacket!",1,drift
lowkey obsessed with this software update 😍,"Awesome, sounds like this software update really impressed you!",1,drift
this jacket is goated no cap,So glad you loved this jacket!,1,drift
"Honestly, this show turned out mediocre.",Sorry to hear this show didn't work out.,0,standard
"yeah the flight was amazing, said no one ever",Sorry the flight let you down — thanks for the feedback.,0,drift
"oh great, the movie broke again, love that for me",Sorry the movie let you down — thanks for the feedback.,0,drift
"the delivery was so overhyped, big letdown",Sorry to hear the delivery didn't work out.,0,drift
"color me surprised, the delivery was actually decent",Love that! Thanks for the kind words about the delivery.,1,drift
The museum was genuinely underwhelming.,Sorry to hear the museum didn't work out.,0,standard
this show slaps fr fr,So glad you loved this show!,1,drift
The movie left me feeling it was great.,"Awesome, sounds like the movie really impressed you!",1,standard
"great job the concert, truly inspiring levels of bad",Sorry the concert let you down — thanks for the feedback.,0,drift
"big yikes, this recipe was rough 😬","That sounds frustrating, we'll look into this recipe.",0,drift
cant believe this show was this disappointing lol,Sorry this show let you down — thanks for the feedback.,0,drift
The customer support left me feeling it was boring.,Sorry to hear the customer support didn't work out.,0,standard
"In my opinion, this camera is fantastic.",So glad you loved this camera!,1,standard
this game was mid tbh,"That's disappointing to hear about this game, sorry about that.",0,drift
"The concert was unsatisfactory, overall.","That sounds frustrating, we'll look into the concert.",0,standard
My experience with the new album was mediocre.,We apologize for the trouble with the new album.,0,standard
"Honestly, this camera turned out outstanding.",So glad you loved this camera!,1,standard
"color me surprised, the flight was actually decent",Thanks for sharing — happy the flight worked out so well!,1,drift
lowkey obsessed with the restaurant 😍,"Awesome, sounds like the restaurant really impressed you!",1,drift
"In my opinion, the hotel room is underwhelming.",We apologize for the trouble with the hotel room.,0,standard
My experience with the new album was excellent.,Thanks for sharing — happy the new album worked out so well!,1,standard
not gonna lie this game is kinda perfect,"Awesome, sounds like this game really impressed you!",1,drift
wow this bakery really outdid itself in disappointing me,We apologize for the trouble with this bakery.,0,drift
I found this camera to be mediocre.,Sorry this camera let you down — thanks for the feedback.,0,standard
ngl this bakery is actually fire 🔥,"Awesome, sounds like this bakery really impressed you!",1,drift
"big yikes, this jacket was rough 😬",We apologize for the trouble with this jacket.,0,drift
this recipe got me smiling like an idiot ngl,Love that! Thanks for the kind words about this recipe.,1,drift
This camera was genuinely satisfying.,"Awesome, sounds like this camera really impressed you!",1,standard
the restaurant really said main character energy,Love that! Thanks for the kind words about the restaurant.,1,drift
This show was genuinely fantastic.,"That's wonderful, thanks for letting us know about this show!",1,standard
This camera left me feeling it was boring.,"That sounds frustrating, we'll look into this camera.",0,standard
"The flight was wonderful, overall.","Awesome, sounds like the flight really impressed you!",1,standard
lol this laptop is straight up trash,"That sounds frustrating, we'll look into this laptop.",0,drift
"In my opinion, this software update is outstanding.","That's wonderful, thanks for letting us know about this software update!",1,standard
"oh great, the service broke again, love that for me","That's disappointing to hear about the service, sorry about that.",0,drift
My experience with this software update was unsatisfactory.,"That sounds frustrating, we'll look into this software update.",0,standard
"Honestly, the podcast turned out enjoyable.",That's great to hear about the podcast!,1,standard
The new album left me feeling it was well-made.,"That's wonderful, thanks for letting us know about the new album!",1,standard
"The hotel room was awful, overall.","That's disappointing to hear about the hotel room, sorry about that.",0,standard
This phone was genuinely well-made.,That's great to hear about this phone!,1,standard
This app left me feeling it was well-made.,Love that! Thanks for the kind words about this app.,1,standard
cant believe this course was this disappointing lol,"Sorry about that experience with this course, we'll do better.",0,drift
I found this show to be poorly made.,Sorry to hear this show didn't work out.,0,standard
This bakery left me feeling it was outstanding.,Love that! Thanks for the kind words about this bakery.,1,standard
The movie left me feeling it was outstanding.,"That's wonderful, thanks for letting us know about the movie!",1,standard
"The restaurant was unreliable, overall.",We apologize for the trouble with the restaurant.,0,standard
okay this game is actually kinda amazing ngl,"Awesome, sounds like this game really impressed you!",1,drift
I found the museum to be mediocre.,Sorry to hear the museum didn't work out.,0,standard
"Honestly, the gym membership turned out boring.","Sorry about that experience with the gym membership, we'll do better.",0,standard
"The hotel room was wonderful, overall.","That's wonderful, thanks for letting us know about the hotel room!",1,standard
"In my opinion, the service is top-notch.","Awesome, sounds like the service really impressed you!",1,standard
The gym membership left me feeling it was great.,So glad you loved the gym membership!,1,standard
this app was mid tbh,Sorry to hear this app didn't work out.,0,drift
"can't stop thinking about this laptop, so good!!",So glad you loved this laptop!,1,drift
"Honestly, the restaurant turned out top-notch.",So glad you loved the restaurant!,1,standard
I found the flight to be unsatisfactory.,Sorry the flight let you down — thanks for the feedback.,0,standard
"Honestly, this book turned out impressive.","Awesome, sounds like this book really impressed you!",1,standard
The concert was genuinely boring.,Sorry the concert let you down — thanks for the feedback.,0,standard
My experience with the museum was disappointing.,Sorry to hear the museum didn't work out.,0,standard
"In my opinion, the hotel room is excellent.",Thanks for sharing — happy the hotel room worked out so well!,1,standard
"In my opinion, this camera is second-rate.",Sorry this camera let you down — thanks for the feedback.,0,standard
I found the customer support to be frustrating.,We apologize for the trouble with the customer support.,0,standard
This course left me feeling it was impressive.,Love that! Thanks for the kind words about this course.,1,standard
"The new album was impressive, overall.","Awesome, sounds like the new album really impressed you!",1,standard
"Honestly, this jacket turned out great.","That's wonderful, thanks for letting us know about this jacket!",1,standard
This app was genuinely outstanding.,Love that! Thanks for the kind words about this app.,1,standard
"This game was unsatisfactory, overall.","Sorry about that experience with this game, we'll do better.",0,standard
the service mid af ngl,"That sounds frustrating, we'll look into the service.",0,drift
"Honestly, the restaurant turned out fantastic.",Love that! Thanks for the kind words about the restaurant.,1,standard
"Honestly, this bakery turned out excellent.","That's wonderful, thanks for letting us know about this bakery!",1,standard
"In my opinion, this camera is frustrating.","Sorry about that experience with this camera, we'll do better.",0,standard
"In my opinion, this show is underwhelming.","That sounds frustrating, we'll look into this show.",0,standard
"Honestly, this app turned out terrible.",We apologize for the trouble with this app.,0,standard
This camera was genuinely frustrating.,Sorry to hear this camera didn't work out.,0,standard
totally thrilled that the museum wasted my time,Sorry the museum let you down — thanks for the feedback.,0,drift
"In my opinion, the hotel room is unreliable.","That's disappointing to hear about the hotel room, sorry about that.",0,standard
My experience with this course was well-made.,That's great to hear about this course!,1,standard
the concert is a hard pass fr,We apologize for the trouble with the concert.,0,drift
not me loving this jacket this much lol,That's great to hear about this jacket!,1,drift
My experience with this show was top-notch.,Love that! Thanks for the kind words about this show.,1,standard
My experience with the flight was outstanding.,Love that! Thanks for the kind words about the flight.,1,standard
totally thrilled that the customer support wasted my time,"That sounds frustrating, we'll look into the customer support.",0,drift
"Honestly, the podcast turned out mediocre.","That sounds frustrating, we'll look into the podcast.",0,standard
"Honestly, this camera turned out great.","That's wonderful, thanks for letting us know about this camera!",1,standard
"In my opinion, the customer support is satisfying.",Thanks for sharing — happy the customer support worked out so well!,1,standard
"In my opinion, this game is terrible.","That's disappointing to hear about this game, sorry about that.",0,standard
this camera lowkey ruined my day ngl,"That's disappointing to hear about this camera, sorry about that.",0,drift
My experience with this bakery was reliable.,So glad you loved this bakery!,1,standard
not this book being this bad 😭,Sorry this book let you down — thanks for the feedback.,0,drift
The coffee left me feeling it was mediocre.,"That's disappointing to hear about the coffee, sorry about that.",0,standard
cant believe the podcast was this disappointing lol,We apologize for the trouble with the podcast.,0,drift
The flight left me feeling it was awful.,Sorry to hear the flight didn't work out.,0,standard
I found this laptop to be wonderful.,That's great to hear about this laptop!,1,standard
The coffee was genuinely disappointing.,Sorry the coffee let you down — thanks for the feedback.,0,standard
"Honestly, the flight turned out subpar.",Sorry to hear the flight didn't work out.,0,standard
"In my opinion, this show is awful.",Sorry this show let you down — thanks for the feedback.,0,standard
totally thrilled that the coffee wasted my time,We apologize for the trouble with the coffee.,0,drift
"In my opinion, this software update is well-made.",So glad you loved this software update!,1,standard
I found this show to be terrible.,Sorry to hear this show didn't work out.,0,standard
"This book was outstanding, overall.","Awesome, sounds like this book really impressed you!",1,standard
I found the podcast to be poorly made.,We apologize for the trouble with the podcast.,0,standard
"In my opinion, the customer support is mediocre.","That sounds frustrating, we'll look into the customer support.",0,standard
"big yikes, this show was rough 😬",We apologize for the trouble with this show.,0,drift
My experience with this book was unreliable.,"Sorry about that experience with this book, we'll do better.",0,standard
"can't stop thinking about this recipe, so good!!","Awesome, sounds like this recipe really impressed you!",1,drift
"In my opinion, the flight is underwhelming.",Sorry the flight let you down — thanks for the feedback.,0,standard
the museum is a hard pass fr,"That's disappointing to hear about the museum, sorry about that.",0,drift
"the gym membership was a whole vibe, loved it",Love that! Thanks for the kind words about the gym membership.,1,drift
the new album slaps fr fr,"Awesome, sounds like the new album really impressed you!",1,drift
the delivery lowkey ruined my day ngl,Sorry the delivery let you down — thanks for the feedback.,0,drift
"the coffee was so overhyped, big letdown",Sorry to hear the coffee didn't work out.,0,drift
I found the gym membership to be disappointing.,Sorry to hear the gym membership didn't work out.,0,standard
My experience with the coffee was frustrating.,"Sorry about that experience with the coffee, we'll do better.",0,standard
"color me surprised, this camera was actually decent","Awesome, sounds like this camera really impressed you!",1,drift
My experience with this software update was terrible.,We apologize for the trouble with this software update.,0,standard
I found the podcast to be impressive.,"Awesome, sounds like the podcast really impressed you!",1,standard
lol the concert is straight up trash,"That's disappointing to hear about the concert, sorry about that.",0,drift
My experience with the delivery was impressive.,"Awesome, sounds like the delivery really impressed you!",1,standard
The restaurant was genuinely satisfying.,That's great to hear about the restaurant!,1,standard
"This game was superb, overall.",Love that! Thanks for the kind words about this game.,1,standard
The restaurant was genuinely subpar.,Sorry the restaurant let you down — thanks for the feedback.,0,standard
"Honestly, the concert turned out excellent.",Thanks for sharing — happy the concert worked out so well!,1,standard
"Honestly, the movie turned out terrible.",We apologize for the trouble with the movie.,0,standard
The concert left me feeling it was unsatisfactory.,Sorry the concert let you down — thanks for the feedback.,0,standard
lowkey obsessed with this app 😍,Love that! Thanks for the kind words about this app.,1,drift
"In my opinion, this book is great.","That's wonderful, thanks for letting us know about this book!",1,standard
I found this app to be terrible.,"Sorry about that experience with this app, we'll do better.",0,standard
I found this software update to be terrible.,Sorry this software update let you down — thanks for the feedback.,0,standard
this laptop is goated no cap,So glad you loved this laptop!,1,drift
wow the coffee really said let me disappoint you,Sorry to hear the coffee didn't work out.,0,drift
this book is giving excellence tbh,"Awesome, sounds like this book really impressed you!",1,drift
lowkey obsessed with the concert 😍,That's great to hear about the concert!,1,drift
this laptop got me smiling like an idiot ngl,"That's wonderful, thanks for letting us know about this laptop!",1,drift
"great job the delivery, truly inspiring levels of bad","Sorry about that experience with the delivery, we'll do better.",0,drift
I found this game to be boring.,Sorry to hear this game didn't work out.,0,standard
My experience with the flight was subpar.,Sorry to hear the flight didn't work out.,0,standard
I found the podcast to be terrible.,We apologize for the trouble with the podcast.,0,standard
this app deadass changed my life lol,Thanks for sharing — happy this app worked out so well!,1,drift
"The flight was underwhelming, overall.",Sorry the flight let you down — thanks for the feedback.,0,standard
"In my opinion, this book is disappointing.",We apologize for the trouble with this book.,0,standard
My experience with this recipe was fantastic.,"That's wonderful, thanks for letting us know about this recipe!",1,standard
the new album really said main character energy,"That's wonderful, thanks for letting us know about the new album!",1,drift
My experience with the concert was subpar.,Sorry the concert let you down — thanks for the feedback.,0,standard
"In my opinion, the museum is frustrating.",Sorry the museum let you down — thanks for the feedback.,0,standard
This show was genuinely satisfying.,Love that! Thanks for the kind words about this show.,1,standard
"Honestly, the delivery turned out boring.","That sounds frustrating, we'll look into the delivery.",0,standard
This course left me feeling it was awful.,Sorry to hear this course didn't work out.,0,standard
not me loving the gym membership this much lol,Love that! Thanks for the kind words about the gym membership.,1,drift
I found this phone to be great.,So glad you loved this phone!,1,standard
My experience with the movie was top-notch.,"Awesome, sounds like the movie really impressed you!",1,standard
"The hotel room was unreliable, overall.","That sounds frustrating, we'll look into the hotel room.",0,standard
My experience with this app was wonderful.,"Awesome, sounds like this app really impressed you!",1,standard
wasn't expecting much but this book actually delivered,"That's wonderful, thanks for letting us know about this book!",1,drift
I found the restaurant to be outstanding.,Love that! Thanks for the kind words about the restaurant.,1,standard
"This course was awful, overall.",Sorry this course let you down — thanks for the feedback.,0,standard
the gym membership lowkey ruined my day ngl,Sorry the gym membership let you down — thanks for the feedback.,0,drift
"In my opinion, the museum is fantastic.",Love that! Thanks for the kind words about the museum.,1,standard
This book left me feeling it was impressive.,"That's wonderful, thanks for letting us know about this book!",1,standard
not gonna lie the concert is kinda perfect,"That's wonderful, thanks for letting us know about the concert!",1,drift
"Honestly, the podcast turned out terrible.",Sorry the podcast let you down — thanks for the feedback.,0,standard
"This recipe was enjoyable, overall.","Awesome, sounds like this recipe really impressed you!",1,standard
"The new album was unsatisfactory, overall.","That's disappointing to hear about the new album, sorry about that.",0,standard
totally thrilled that this course wasted my time,Sorry this course let you down — thanks for the feedback.,0,drift
"Honestly, this course turned out terrible.",Sorry to hear this course didn't work out.,0,standard
not gonna lie the hotel room is kinda perfect,"Awesome, sounds like the hotel room really impressed you!",1,drift
"Honestly, the movie turned out frustrating.",We apologize for the trouble with the movie.,0,standard
"In my opinion, this app is reliable.",So glad you loved this app!,1,standard
obsessed w the concert rn 😭❤️,Thanks for sharing — happy the concert worked out so well!,1,drift
"the new album was a whole vibe, loved it","That's wonderful, thanks for letting us know about the new album!",1,drift
this laptop deadass changed my life lol,"Awesome, sounds like this laptop really impressed you!",1,drift
The hotel room was genuinely unreliable.,"That's disappointing to hear about the hotel room, sorry about that.",0,standard
"The delivery was outstanding, overall.",Love that! Thanks for the kind words about the delivery.,1,standard
"This show was excellent, overall.","Awesome, sounds like this show really impressed you!",1,standard
"In my opinion, this recipe is poorly made.","That sounds frustrating, we'll look into this recipe.",0,standard
My experience with this app was unreliable.,We apologize for the trouble with this app.,0,standard
the new album 10/10 would recommend,"That's wonderful, thanks for letting us know about the new album!",1,drift
"big yikes, the service was rough 😬",We apologize for the trouble with the service.,0,drift
"Honestly, this game turned out frustrating.","That sounds frustrating, we'll look into this game.",0,standard
My experience with this game was wonderful.,"Awesome, sounds like this game really impressed you!",1,standard
"The customer support was second-rate, overall.",Sorry to hear the customer support didn't work out.,0,standard
"In my opinion, this phone is subpar.","Sorry about that experience with this phone, we'll do better.",0,standard
"Honestly, the hotel room turned out terrible.","That's disappointing to hear about the hotel room, sorry about that.",0,standard
not gonna lie the service is kinda perfect,"Awesome, sounds like the service really impressed you!",1,drift
"Honestly, this camera turned out terrible.",Sorry to hear this camera didn't work out.,0,standard
"In my opinion, this recipe is subpar.",Sorry to hear this recipe didn't work out.,0,standard
My experience with this jacket was disappointing.,"That's disappointing to hear about this jacket, sorry about that.",0,standard
cant believe this app was this disappointing lol,We apologize for the trouble with this app.,0,drift
"yeah this camera was amazing, said no one ever",We apologize for the trouble with this camera.,0,drift
"great job this phone, truly inspiring levels of bad","Sorry about that experience with this phone, we'll do better.",0,drift
"In my opinion, the gym membership is wonderful.","Awesome, sounds like the gym membership really impressed you!",1,standard
My experience with the new album was second-rate.,"That's disappointing to hear about the new album, sorry about that.",0,standard
The gym membership was genuinely second-rate.,"That sounds frustrating, we'll look into the gym membership.",0,standard
the concert is actually so underrated,Love that! Thanks for the kind words about the concert.,1,drift
This bakery was genuinely great.,"That's wonderful, thanks for letting us know about this bakery!",1,standard
This recipe left me feeling it was underwhelming.,Sorry this recipe let you down — thanks for the feedback.,0,standard
the restaurant deadass changed my life lol,Love that! Thanks for the kind words about the restaurant.,1,drift
"The restaurant was excellent, overall.",Thanks for sharing — happy the restaurant worked out so well!,1,standard
"This bakery was well-made, overall.",Love that! Thanks for the kind words about this bakery.,1,standard
"This jacket was unreliable, overall.","That's disappointing to hear about this jacket, sorry about that.",0,standard
"Honestly, the restaurant turned out subpar.","That sounds frustrating, we'll look into the restaurant.",0,standard
"In my opinion, the delivery is disappointing.",Sorry the delivery let you down — thanks for the feedback.,0,standard
I found the restaurant to be poorly made.,Sorry to hear the restaurant didn't work out.,0,standard
The gym membership was genuinely impressive.,Thanks for sharing — happy the gym membership worked out so well!,1,standard
the museum 10/10 would recommend,That's great to hear about the museum!,1,drift
the concert lowkey ruined my day ngl,Sorry the concert let you down — thanks for the feedback.,0,drift
"The customer support was well-made, overall.","Awesome, sounds like the customer support really impressed you!",1,standard
this bakery slaps fr fr,"That's wonderful, thanks for letting us know about this bakery!",1,drift
lowkey obsessed with this camera 😍,So glad you loved this camera!,1,drift
wow this jacket really outdid itself in disappointing me,Sorry to hear this jacket didn't work out.,0,drift
this book 2/10 do not recommend,"That sounds frustrating, we'll look into this book.",0,drift
lowkey obsessed with the customer support 😍,"Awesome, sounds like the customer support really impressed you!",1,drift
This app left me feeling it was second-rate.,We apologize for the trouble with this app.,0,standard
"Honestly, the customer support turned out enjoyable.","Awesome, sounds like the customer support really impressed you!",1,standard
this camera 10/10 would recommend,"Awesome, sounds like this camera really impressed you!",1,drift
this recipe is actually so underrated,Thanks for sharing — happy this recipe worked out so well!,1,drift
totally thrilled that the restaurant wasted my time,We apologize for the trouble with the restaurant.,0,drift
okay the coffee is actually kinda amazing ngl,"That's wonderful, thanks for letting us know about the coffee!",1,drift
"Honestly, this camera turned out awful.",We apologize for the trouble with this camera.,0,standard
"shoutout to this game, genuinely great",Thanks for sharing — happy this game worked out so well!,1,drift
I found the gym membership to be enjoyable.,That's great to hear about the gym membership!,1,standard
totally thrilled that the new album wasted my time,Sorry to hear the new album didn't work out.,0,drift
My experience with the movie was wonderful.,Love that! Thanks for the kind words about the movie.,1,standard
"Honestly, this software update turned out subpar.","That sounds frustrating, we'll look into this software update.",0,standard
the delivery hit different 🙌,That's great to hear about the delivery!,1,drift
"The flight was fantastic, overall.",Love that! Thanks for the kind words about the flight.,1,standard
"This app was well-made, overall.",That's great to hear about this app!,1,standard
the delivery got me smiling like an idiot ngl,That's great to hear about the delivery!,1,drift
totally thrilled that the gym membership wasted my time,Sorry to hear the gym membership didn't work out.,0,drift
"Honestly, this app turned out unsatisfactory.","Sorry about that experience with this app, we'll do better.",0,standard
this course lowkey ruined my day ngl,Sorry to hear this course didn't work out.,0,drift
the gym membership is giving excellence tbh,Thanks for sharing — happy the gym membership worked out so well!,1,drift
the coffee is elite fr,"Awesome, sounds like the coffee really impressed you!",1,drift
My experience with this course was superb.,So glad you loved this course!,1,standard
The podcast left me feeling it was poorly made.,"Sorry about that experience with the podcast, we'll do better.",0,standard
My experience with the gym membership was enjoyable.,So glad you loved the gym membership!,1,standard
"this app was so overhyped, big letdown",Sorry to hear this app didn't work out.,0,drift
The new album left me feeling it was terrible.,We apologize for the trouble with the new album.,0,standard
I found the customer support to be disappointing.,"Sorry about that experience with the customer support, we'll do better.",0,standard
This phone left me feeling it was reliable.,That's great to hear about this phone!,1,standard
My experience with the restaurant was unreliable.,"Sorry about that experience with the restaurant, we'll do better.",0,standard
"Honestly, the service turned out subpar.","That sounds frustrating, we'll look into the service.",0,standard
the hotel room lowkey ruined my day ngl,Sorry to hear the hotel room didn't work out.,0,drift
This phone left me feeling it was subpar.,"Sorry about that experience with this phone, we'll do better.",0,standard
The hotel room was genuinely terrible.,We apologize for the trouble with the hotel room.,0,standard
I found the gym membership to be excellent.,"Awesome, sounds like the gym membership really impressed you!",1,standard
this phone was mid tbh,"Sorry about that experience with this phone, we'll do better.",0,drift
"This recipe was excellent, overall.",So glad you loved this recipe!,1,standard
I found this camera to be well-made.,Thanks for sharing — happy this camera worked out so well!,1,standard
This bakery left me feeling it was mediocre.,"Sorry about that experience with this bakery, we'll do better.",0,standard
This bakery was genuinely mediocre.,"Sorry about that experience with this bakery, we'll do better.",0,standard
"somehow the concert didn't disappoint for once, shocking","Awesome, sounds like the concert really impressed you!",1,drift
My experience with this book was mediocre.,"That's disappointing to hear about this book, sorry about that.",0,standard
"The new album was boring, overall.","Sorry about that experience with the new album, we'll do better.",0,standard
this laptop lowkey ruined my day ngl,Sorry this laptop let you down — thanks for the feedback.,0,drift
"The museum was unsatisfactory, overall.","That's disappointing to hear about the museum, sorry about that.",0,standard
"In my opinion, this camera is disappointing.",We apologize for the trouble with this camera.,0,standard
My experience with this recipe was top-notch.,That's great to hear about this recipe!,1,standard
"In my opinion, this book is impressive.",Thanks for sharing — happy this book worked out so well!,1,standard
I found the hotel room to be subpar.,"That's disappointing to hear about the hotel room, sorry about that.",0,standard
obsessed w this camera rn 😭❤️,"Awesome, sounds like this camera really impressed you!",1,drift
"Honestly, the customer support turned out reliable.",Love that! Thanks for the kind words about the customer support.,1,standard
"Honestly, the customer support turned out mediocre.","Sorry about that experience with the customer support, we'll do better.",0,standard
ngl the customer support is actually fire 🔥,"That's wonderful, thanks for letting us know about the customer support!",1,drift
"Honestly, the flight turned out reliable.",Thanks for sharing — happy the flight worked out so well!,1,standard
the new album is goated no cap,Love that! Thanks for the kind words about the new album.,1,drift
this recipe... yeah no thx 💀,Sorry this recipe let you down — thanks for the feedback.,0,drift
"In my opinion, this recipe is disappointing.",Sorry this recipe let you down — thanks for the feedback.,0,standard
this course is goated no cap,That's great to hear about this course!,1,drift
I found the new album to be impressive.,Thanks for sharing — happy the new album worked out so well!,1,standard
I found the new album to be reliable.,That's great to hear about the new album!,1,standard
The hotel room was genuinely impressive.,Thanks for sharing — happy the hotel room worked out so well!,1,standard
I found this laptop to be boring.,Sorry to hear this laptop didn't work out.,0,standard
"This show was second-rate, overall.",We apologize for the trouble with this show.,0,standard
This recipe left me feeling it was subpar.,Sorry this recipe let you down — thanks for the feedback.,0,standard
this software update... yeah no thx 💀,We apologize for the trouble with this software update.,0,drift
The concert was genuinely unsatisfactory.,Sorry to hear the concert didn't work out.,0,standard
this book got me smiling like an idiot ngl,Love that! Thanks for the kind words about this book.,1,drift
I found the museum to be awful.,"That's disappointing to hear about the museum, sorry about that.",0,standard
This laptop left me feeling it was boring.,"That sounds frustrating, we'll look into this laptop.",0,standard
"Honestly, the delivery turned out underwhelming.","That sounds frustrating, we'll look into the delivery.",0,standard
this software update lowkey ruined my day ngl,"That's disappointing to hear about this software update, sorry about that.",0,drift
This recipe left me feeling it was frustrating.,Sorry to hear this recipe didn't work out.,0,standard
"big yikes, this game was rough 😬",We apologize for the trouble with this game.,0,drift
"shoutout to this recipe, genuinely great",That's great to hear about this recipe!,1,drift
ngl the movie is actually fire 🔥,So glad you loved the movie!,1,drift
"can't stop thinking about this bakery, so good!!","Awesome, sounds like this bakery really impressed you!",1,drift
The podcast left me feeling it was unreliable.,We apologize for the trouble with the podcast.,0,standard
This course left me feeling it was mediocre.,"That's disappointing to hear about this course, sorry about that.",0,standard
"The concert was enjoyable, overall.","That's wonderful, thanks for letting us know about the concert!",1,standard
"In my opinion, the podcast is superb.","Awesome, sounds like the podcast really impressed you!",1,standard
"great job the service, truly inspiring levels of bad","Sorry about that experience with the service, we'll do better.",0,drift
this bakery mid af ngl,"That's disappointing to hear about this bakery, sorry about that.",0,drift
My experience with the movie was second-rate.,Sorry the movie let you down — thanks for the feedback.,0,standard
obsessed w the movie rn 😭❤️,So glad you loved the movie!,1,drift
I found this laptop to be second-rate.,We apologize for the trouble with this laptop.,0,standard
"In my opinion, this bakery is outstanding.",Love that! Thanks for the kind words about this bakery.,1,standard
My experience with this bakery was outstanding.,"Awesome, sounds like this bakery really impressed you!",1,standard
My experience with this bakery was impressive.,"That's wonderful, thanks for letting us know about this bakery!",1,standard
this game is elite fr,Love that! Thanks for the kind words about this game.,1,drift
"big yikes, this app was rough 😬",Sorry this app let you down — thanks for the feedback.,0,drift
My experience with the flight was underwhelming.,Sorry to hear the flight didn't work out.,0,standard
wow this game really outdid itself in disappointing me,"That sounds frustrating, we'll look into this game.",0,drift
This jacket left me feeling it was outstanding.,So glad you loved this jacket!,1,standard
lol the delivery is straight up trash,"That sounds frustrating, we'll look into the delivery.",0,drift
The podcast was genuinely underwhelming.,"Sorry about that experience with the podcast, we'll do better.",0,standard
this app slaps fr fr,That's great to hear about this app!,1,drift
My experience with the hotel room was frustrating.,"Sorry about that experience with the hotel room, we'll do better.",0,standard
the new album... yeah no thx 💀,Sorry the new album let you down — thanks for the feedback.,0,drift
My experience with this camera was top-notch.,"That's wonderful, thanks for letting us know about this camera!",1,standard
"Honestly, the new album turned out boring.","That's disappointing to hear about the new album, sorry about that.",0,standard
not me loving this show this much lol,Thanks for sharing — happy this show worked out so well!,1,drift
"The concert was unreliable, overall.","That sounds frustrating, we'll look into the concert.",0,standard
"can't stop thinking about the hotel room, so good!!",That's great to hear about the hotel room!,1,drift
not this phone being this bad 😭,"Sorry about that experience with this phone, we'll do better.",0,drift
"Honestly, the delivery turned out impressive.",Love that! Thanks for the kind words about the delivery.,1,standard
this laptop was mid tbh,"That's disappointing to hear about this laptop, sorry about that.",0,drift
wow this app really said let me disappoint you,We apologize for the trouble with this app.,0,drift
"The delivery was disappointing, overall.","Sorry about that experience with the delivery, we'll do better.",0,standard
the concert mid af ngl,"Sorry about that experience with the concert, we'll do better.",0,drift
"big yikes, the gym membership was rough 😬",We apologize for the trouble with the gym membership.,0,drift
this laptop is a hard pass fr,We apologize for the trouble with this laptop.,0,drift
"shoutout to this bakery, genuinely great","Awesome, sounds like this bakery really impressed you!",1,drift
I found this bakery to be fantastic.,Thanks for sharing — happy this bakery worked out so well!,1,standard
I found the museum to be enjoyable.,"That's wonderful, thanks for letting us know about the museum!",1,standard
"The customer support was boring, overall.",Sorry to hear the customer support didn't work out.,0,standard
The coffee was genuinely satisfying.,"That's wonderful, thanks for letting us know about the coffee!",1,standard
not the flight being this bad 😭,We apologize for the trouble with the flight.,0,drift
My experience with the customer support was boring.,"Sorry about that experience with the customer support, we'll do better.",0,standard
The museum left me feeling it was well-made.,Love that! Thanks for the kind words about the museum.,1,standard
"In my opinion, the coffee is unreliable.","That's disappointing to hear about the coffee, sorry about that.",0,standard
"Honestly, the museum turned out fantastic.",That's great to hear about the museum!,1,standard
"In my opinion, the coffee is boring.","Sorry about that experience with the coffee, we'll do better.",0,standard
This show left me feeling it was boring.,"That's disappointing to hear about this show, sorry about that.",0,standard
"This course was terrible, overall.","Sorry about that experience with this course, we'll do better.",0,standard
the coffee really said main character energy,"That's wonderful, thanks for letting us know about the coffee!",1,drift
"The new album was underwhelming, overall.","That's disappointing to hear about the new album, sorry about that.",0,standard
this game 10/10 would recommend,That's great to hear about this game!,1,drift
The delivery left me feeling it was great.,So glad you loved the delivery!,1,standard
This show left me feeling it was enjoyable.,So glad you loved this show!,1,standard
I found the delivery to be superb.,"That's wonderful, thanks for letting us know about the delivery!",1,standard
"great job this recipe, truly inspiring levels of bad",Sorry this recipe let you down — thanks for the feedback.,0,drift
totally thrilled that this game wasted my time,"That sounds frustrating, we'll look into this game.",0,drift
"the restaurant was so overhyped, big letdown",We apologize for the trouble with the restaurant.,0,drift
not gonna lie this camera is kinda perfect,So glad you loved this camera!,1,drift
This show was genuinely disappointing.,We apologize for the trouble with this show.,0,standard
The museum left me feeling it was outstanding.,Thanks for sharing — happy the museum worked out so well!,1,standard
"The movie was fantastic, overall.",Love that! Thanks for the kind words about the movie.,1,standard
This bakery left me feeling it was excellent.,"Awesome, sounds like this bakery really impressed you!",1,standard
"Honestly, this camera turned out wonderful.",Love that! Thanks for the kind words about this camera.,1,standard
this software update is giving excellence tbh,So glad you loved this software update!,1,drift
ngl the coffee is actually fire 🔥,That's great to hear about the coffee!,1,drift
"yeah the coffee was amazing, said no one ever","That's disappointing to hear about the coffee, sorry about that.",0,drift
"shoutout to this app, genuinely great","Awesome, sounds like this app really impressed you!",1,drift
"The podcast was impressive, overall.","Awesome, sounds like the podcast really impressed you!",1,standard
this phone got me smiling like an idiot ngl,So glad you loved this phone!,1,drift
this laptop 2/10 do not recommend,Sorry this laptop let you down — thanks for the feedback.,0,drift
the hotel room was mid tbh,"That's disappointing to hear about the hotel room, sorry about that.",0,drift
"oh great, the delivery broke again, love that for me","Sorry about that experience with the delivery, we'll do better.",0,drift
this jacket lowkey ruined my day ngl,Sorry to hear this jacket didn't work out.,0,drift
the flight mid af ngl,We apologize for the trouble with the flight.,0,drift
"In my opinion, this book is fantastic.","Awesome, sounds like this book really impressed you!",1,standard
My experience with the customer support was top-notch.,Thanks for sharing — happy the customer support worked out so well!,1,standard
wow this recipe really outdid itself in disappointing me,Sorry this recipe let you down — thanks for the feedback.,0,drift
My experience with this laptop was mediocre.,Sorry this laptop let you down — thanks for the feedback.,0,standard
lowkey obsessed with this recipe 😍,That's great to hear about this recipe!,1,drift
"In my opinion, this bakery is impressive.","Awesome, sounds like this bakery really impressed you!",1,standard
This course was genuinely second-rate.,We apologize for the trouble with this course.,0,standard
The new album was genuinely mediocre.,"That's disappointing to hear about the new album, sorry about that.",0,standard
"In my opinion, the flight is fantastic.",Thanks for sharing — happy the flight worked out so well!,1,standard
"The coffee was unreliable, overall.",We apologize for the trouble with the coffee.,0,standard
"The delivery was superb, overall.",Thanks for sharing — happy the delivery worked out so well!,1,standard
"This jacket was mediocre, overall.",Sorry this jacket let you down — thanks for the feedback.,0,standard
The customer support was genuinely wonderful.,Thanks for sharing — happy the customer support worked out so well!,1,standard
"The flight was disappointing, overall.","That sounds frustrating, we'll look into the flight.",0,standard
"Honestly, the gym membership turned out well-made.",Love that! Thanks for the kind words about the gym membership.,1,standard
lol the coffee is straight up trash,Sorry the coffee let you down — thanks for the feedback.,0,drift
"In my opinion, this app is unreliable.",We apologize for the trouble with this app.,0,standard
This book was genuinely terrible.,"That's disappointing to hear about this book, sorry about that.",0,standard
the flight is goated no cap,"That's wonderful, thanks for letting us know about the flight!",1,drift
My experience with the hotel room was second-rate.,"Sorry about that experience with the hotel room, we'll do better.",0,standard
This software update left me feeling it was unreliable.,"Sorry about that experience with this software update, we'll do better.",0,standard
the service lowkey ruined my day ngl,"That's disappointing to hear about the service, sorry about that.",0,drift
this bakery straight up flopped ngl,We apologize for the trouble with this bakery.,0,drift
I found this recipe to be satisfying.,That's great to hear about this recipe!,1,standard
"The museum was outstanding, overall.","Awesome, sounds like the museum really impressed you!",1,standard
this laptop is actually so underrated,"That's wonderful, thanks for letting us know about this laptop!",1,drift
this book straight up flopped ngl,Sorry to hear this book didn't work out.,0,drift
this laptop mid af ngl,Sorry to hear this laptop didn't work out.,0,drift
lol the customer support is straight up trash,Sorry to hear the customer support didn't work out.,0,drift
"In my opinion, this game is poorly made.",We apologize for the trouble with this game.,0,standard
this course is giving excellence tbh,That's great to hear about this course!,1,drift
this recipe mid af ngl,We apologize for the trouble with this recipe.,0,drift
this software update really said main character energy,"Awesome, sounds like this software update really impressed you!",1,drift
"The customer support was fantastic, overall.",Love that! Thanks for the kind words about the customer support.,1,standard
"In my opinion, this show is satisfying.",So glad you loved this show!,1,standard
I found the restaurant to be mediocre.,We apologize for the trouble with the restaurant.,0,standard
"great job the coffee, truly inspiring levels of bad",We apologize for the trouble with the coffee.,0,drift
"the hotel room was a whole vibe, loved it",So glad you loved the hotel room!,1,drift
My experience with this laptop was outstanding.,"That's wonderful, thanks for letting us know about this laptop!",1,standard
This jacket left me feeling it was enjoyable.,Love that! Thanks for the kind words about this jacket.,1,standard
I found this app to be underwhelming.,We apologize for the trouble with this app.,0,standard
totally thrilled that the hotel room wasted my time,"That sounds frustrating, we'll look into the hotel room.",0,drift
the hotel room really said main character energy,So glad you loved the hotel room!,1,drift
"In my opinion, this recipe is reliable.",Thanks for sharing — happy this recipe worked out so well!,1,standard
"In my opinion, this app is excellent.",Thanks for sharing — happy this app worked out so well!,1,standard
"Honestly, this jacket turned out outstanding.","Awesome, sounds like this jacket really impressed you!",1,standard
The delivery was genuinely fantastic.,That's great to hear about the delivery!,1,standard
My experience with the new album was well-made.,"That's wonderful, thanks for letting us know about the new album!",1,standard
this phone is goated no cap,Love that! Thanks for the kind words about this phone.,1,drift
wasn't expecting much but the podcast actually delivered,So glad you loved the podcast!,1,drift
My experience with this game was terrible.,We apologize for the trouble with this game.,0,standard
This game left me feeling it was outstanding.,"Awesome, sounds like this game really impressed you!",1,standard
I found the coffee to be outstanding.,Love that! Thanks for the kind words about the coffee.,1,standard
My experience with the customer support was unsatisfactory.,"That sounds frustrating, we'll look into the customer support.",0,standard
This software update was genuinely disappointing.,Sorry to hear this software update didn't work out.,0,standard
obsessed w this book rn 😭❤️,"That's wonderful, thanks for letting us know about this book!",1,drift
okay this app is actually kinda amazing ngl,That's great to hear about this app!,1,drift
The podcast left me feeling it was awful.,We apologize for the trouble with the podcast.,0,standard
This jacket was genuinely unreliable.,"That sounds frustrating, we'll look into this jacket.",0,standard
This app left me feeling it was subpar.,Sorry to hear this app didn't work out.,0,standard
My experience with this camera was impressive.,"That's wonderful, thanks for letting us know about this camera!",1,standard
cant believe this game was this disappointing lol,Sorry this game let you down — thanks for the feedback.,0,drift
"This book was subpar, overall.","That's disappointing to hear about this book, sorry about that.",0,standard
wow the new album really outdid itself in disappointing me,Sorry to hear the new album didn't work out.,0,drift
"In my opinion, this book is mediocre.","That sounds frustrating, we'll look into this book.",0,standard
This show left me feeling it was well-made.,Thanks for sharing — happy this show worked out so well!,1,standard
not me loving this bakery this much lol,Love that! Thanks for the kind words about this bakery.,1,drift
"great job the restaurant, truly inspiring levels of bad","That sounds frustrating, we'll look into the restaurant.",0,drift
"the movie was so overhyped, big letdown","Sorry about that experience with the movie, we'll do better.",0,drift
This software update left me feeling it was fantastic.,"That's wonderful, thanks for letting us know about this software update!",1,standard
This recipe was genuinely enjoyable.,"That's wonderful, thanks for letting us know about this recipe!",1,standard
this app is giving excellence tbh,So glad you loved this app!,1,drift
This bakery was genuinely terrible.,"That sounds frustrating, we'll look into this bakery.",0,standard
This bakery left me feeling it was superb.,So glad you loved this bakery!,1,standard
this game mid af ngl,"That sounds frustrating, we'll look into this game.",0,drift
I found this book to be superb.,That's great to hear about this book!,1,standard
obsessed w this app rn 😭❤️,Thanks for sharing — happy this app worked out so well!,1,drift
"The concert was superb, overall.",That's great to hear about the concert!,1,standard
"In my opinion, this bakery is boring.",Sorry this bakery let you down — thanks for the feedback.,0,standard
"Honestly, the service turned out poorly made.","That sounds frustrating, we'll look into the service.",0,standard
this book... yeah no thx 💀,We apologize for the trouble with this book.,0,drift
"In my opinion, this camera is well-made.","Awesome, sounds like this camera really impressed you!",1,standard
This laptop was genuinely mediocre.,"That sounds frustrating, we'll look into this laptop.",0,standard
I found this recipe to be unsatisfactory.,We apologize for the trouble with this recipe.,0,standard
"Honestly, the flight turned out terrible.",We apologize for the trouble with the flight.,0,standard
"Honestly, this laptop turned out terrible.","That's disappointing to hear about this laptop, sorry about that.",0,standard
I found this camera to be excellent.,"Awesome, sounds like this camera really impressed you!",1,standard
My experience with this jacket was excellent.,"That's wonderful, thanks for letting us know about this jacket!",1,standard
I found this jacket to be terrible.,Sorry to hear this jacket didn't work out.,0,standard
"In my opinion, the customer support is great.",That's great to hear about the customer support!,1,standard
"this course was so overhyped, big letdown",We apologize for the trouble with this course.,0,drift
The restaurant left me feeling it was excellent.,"That's wonderful, thanks for letting us know about the restaurant!",1,standard
the gym membership 2/10 do not recommend,Sorry the gym membership let you down — thanks for the feedback.,0,drift
"shoutout to the museum, genuinely great","That's wonderful, thanks for letting us know about the museum!",1,drift
This course left me feeling it was well-made.,Thanks for sharing — happy this course worked out so well!,1,standard
The gym membership was genuinely enjoyable.,Thanks for sharing — happy the gym membership worked out so well!,1,standard
cant believe the new album was this disappointing lol,Sorry the new album let you down — thanks for the feedback.,0,drift
not the customer support being this bad 😭,"Sorry about that experience with the customer support, we'll do better.",0,drift
ngl the restaurant is actually fire 🔥,Thanks for sharing — happy the restaurant worked out so well!,1,drift
the service deadass changed my life lol,"That's wonderful, thanks for letting us know about the service!",1,drift
My experience with the concert was frustrating.,"That's disappointing to hear about the concert, sorry about that.",0,standard
My experience with this phone was second-rate.,"That sounds frustrating, we'll look into this phone.",0,standard
this book was mid tbh,"That sounds frustrating, we'll look into this book.",0,drift
"Honestly, the concert turned out boring.",We apologize for the trouble with the concert.,0,standard
"Honestly, the gym membership turned out awful.",We apologize for the trouble with the gym membership.,0,standard
The new album left me feeling it was outstanding.,"Awesome, sounds like the new album really impressed you!",1,standard
My experience with the gym membership was unreliable.,Sorry to hear the gym membership didn't work out.,0,standard
The gym membership was genuinely well-made.,That's great to hear about the gym membership!,1,standard
This book left me feeling it was outstanding.,"That's wonderful, thanks for letting us know about this book!",1,standard
This phone left me feeling it was unreliable.,"That's disappointing to hear about this phone, sorry about that.",0,standard
"This bakery was unsatisfactory, overall.",Sorry to hear this bakery didn't work out.,0,standard
"Honestly, this app turned out excellent.",Love that! Thanks for the kind words about this app.,1,standard
This jacket left me feeling it was excellent.,"Awesome, sounds like this jacket really impressed you!",1,standard
"In my opinion, this course is great.",That's great to hear about this course!,1,standard
I found this recipe to be well-made.,Thanks for sharing — happy this recipe worked out so well!,1,standard
"Honestly, the coffee turned out impressive.",So glad you loved the coffee!,1,standard
I found this recipe to be frustrating.,Sorry to hear this recipe didn't work out.,0,standard
obsessed w the customer support rn 😭❤️,So glad you loved the customer support!,1,drift
I found this software update to be top-notch.,"Awesome, sounds like this software update really impressed you!",1,standard
I found the service to be satisfying.,"Awesome, sounds like the service really impressed you!",1,standard
the concert hit different 🙌,"Awesome, sounds like the concert really impressed you!",1,drift
"The restaurant was subpar, overall.","Sorry about that experience with the restaurant, we'll do better.",0,standard
This phone left me feeling it was wonderful.,Thanks for sharing — happy this phone worked out so well!,1,standard
not this recipe being this bad 😭,Sorry to hear this recipe didn't work out.,0,drift
the service is goated no cap,That's great to hear about the service!,1,drift
"the podcast was so overhyped, big letdown","That's disappointing to hear about the podcast, sorry about that.",0,drift
"This recipe was well-made, overall.",So glad you loved this recipe!,1,standard
the new album lowkey ruined my day ngl,Sorry the new album let you down — thanks for the feedback.,0,drift
"The new album was unreliable, overall.","That's disappointing to hear about the new album, sorry about that.",0,standard
ngl this phone is actually fire 🔥,Thanks for sharing — happy this phone worked out so well!,1,drift
"This course was fantastic, overall.",So glad you loved this course!,1,standard
"oh great, the flight broke again, love that for me","That sounds frustrating, we'll look into the flight.",0,drift
the restaurant straight up flopped ngl,Sorry to hear the restaurant didn't work out.,0,drift
"this laptop was a whole vibe, loved it","Awesome, sounds like this laptop really impressed you!",1,drift
"oh great, this app broke again, love that for me","Sorry about that experience with this app, we'll do better.",0,drift
"Honestly, the concert turned out outstanding.",That's great to hear about the concert!,1,standard
ngl the service is actually fire 🔥,That's great to hear about the service!,1,drift
"somehow the podcast didn't disappoint for once, shocking","Awesome, sounds like the podcast really impressed you!",1,drift
"In my opinion, this phone is outstanding.",That's great to hear about this phone!,1,standard
The coffee left me feeling it was excellent.,Love that! Thanks for the kind words about the coffee.,1,standard
My experience with this show was disappointing.,"That's disappointing to hear about this show, sorry about that.",0,standard
This laptop was genuinely terrible.,Sorry to hear this laptop didn't work out.,0,standard
This jacket was genuinely satisfying.,Thanks for sharing — happy this jacket worked out so well!,1,standard
The coffee left me feeling it was disappointing.,We apologize for the trouble with the coffee.,0,standard
"great job this book, truly inspiring levels of bad",Sorry this book let you down — thanks for the feedback.,0,drift
the coffee 10/10 would recommend,"Awesome, sounds like the coffee really impressed you!",1,drift
"Honestly, the restaurant turned out second-rate.",We apologize for the trouble with the restaurant.,0,standard
"This course was boring, overall.",We apologize for the trouble with this course.,0,standard
This book left me feeling it was superb.,That's great to hear about this book!,1,standard
the gym membership hit different 🙌,That's great to hear about the gym membership!,1,drift
"oh great, the podcast broke again, love that for me","That's disappointing to hear about the podcast, sorry about that.",0,drift
the flight... yeah no thx 💀,"Sorry about that experience with the flight, we'll do better.",0,drift
"Honestly, the movie turned out awful.",Sorry to hear the movie didn't work out.,0,standard
This book was genuinely unreliable.,"That sounds frustrating, we'll look into this book.",0,standard
This bakery was genuinely wonderful.,"Awesome, sounds like this bakery really impressed you!",1,standard
The new album was genuinely excellent.,That's great to hear about the new album!,1,standard
This camera left me feeling it was excellent.,Thanks for sharing — happy this camera worked out so well!,1,standard
cant believe the gym membership was this disappointing lol,Sorry the gym membership let you down — thanks for the feedback.,0,drift
"In my opinion, the museum is well-made.",Love that! Thanks for the kind words about the museum.,1,standard
cant believe this book was this disappointing lol,"Sorry about that experience with this book, we'll do better.",0,drift
wasn't expecting much but this laptop actually delivered,Love that! Thanks for the kind words about this laptop.,1,drift
the gym membership... yeah no thx 💀,"Sorry about that experience with the gym membership, we'll do better.",0,drift
this jacket 10/10 would recommend,"That's wonderful, thanks for letting us know about this jacket!",1,drift
this jacket deadass changed my life lol,So glad you loved this jacket!,1,drift
The podcast was genuinely unreliable.,"That sounds frustrating, we'll look into the podcast.",0,standard
The flight left me feeling it was disappointing.,"That sounds frustrating, we'll look into the flight.",0,standard
totally thrilled that this laptop wasted my time,Sorry this laptop let you down — thanks for the feedback.,0,drift
This camera left me feeling it was subpar.,"That sounds frustrating, we'll look into this camera.",0,standard
cant believe this laptop was this disappointing lol,Sorry to hear this laptop didn't work out.,0,drift
"can't stop thinking about the delivery, so good!!",That's great to hear about the delivery!,1,drift
My experience with the coffee was reliable.,"Awesome, sounds like the coffee really impressed you!",1,standard
"The restaurant was terrible, overall.","That sounds frustrating, we'll look into the restaurant.",0,standard
the customer support mid af ngl,"That's disappointing to hear about the customer support, sorry about that.",0,drift
My experience with this software update was mediocre.,We apologize for the trouble with this software update.,0,standard
The service left me feeling it was second-rate.,Sorry the service let you down — thanks for the feedback.,0,standard
The flight left me feeling it was poorly made.,"That's disappointing to hear about the flight, sorry about that.",0,standard
This recipe was genuinely subpar.,"That sounds frustrating, we'll look into this recipe.",0,standard
I found this phone to be underwhelming.,We apologize for the trouble with this phone.,0,standard
The museum left me feeling it was awful.,Sorry the museum let you down — thanks for the feedback.,0,standard
My experience with the gym membership was poorly made.,Sorry the gym membership let you down — thanks for the feedback.,0,standard
"Honestly, this laptop turned out top-notch.",That's great to hear about this laptop!,1,standard
this course is a hard pass fr,Sorry to hear this course didn't work out.,0,drift
"In my opinion, this bakery is top-notch.","That's wonderful, thanks for letting us know about this bakery!",1,standard
I found the gym membership to be boring.,Sorry to hear the gym membership didn't work out.,0,standard
the movie is actually so underrated,So glad you loved the movie!,1,drift
this software update straight up flopped ngl,"That's disappointing to hear about this software update, sorry about that.",0,drift
"In my opinion, this jacket is disappointing.",Sorry to hear this jacket didn't work out.,0,standard
"this bakery was so overhyped, big letdown",Sorry to hear this bakery didn't work out.,0,drift
I found the movie to be unsatisfactory.,"That sounds frustrating, we'll look into the movie.",0,standard
This app was genuinely subpar.,We apologize for the trouble with this app.,0,standard
My experience with this camera was unsatisfactory.,Sorry this camera let you down — thanks for the feedback.,0,standard
"This bakery was second-rate, overall.",Sorry to hear this bakery didn't work out.,0,standard
"The delivery was mediocre, overall.","Sorry about that experience with the delivery, we'll do better.",0,standard
This course left me feeling it was underwhelming.,"Sorry about that experience with this course, we'll do better.",0,standard
this phone mid af ngl,"That's disappointing to hear about this phone, sorry about that.",0,drift
this jacket straight up flopped ngl,"That sounds frustrating, we'll look into this jacket.",0,drift
I found this jacket to be underwhelming.,We apologize for the trouble with this jacket.,0,standard
This jacket was genuinely outstanding.,"Awesome, sounds like this jacket really impressed you!",1,standard
I found the museum to be reliable.,"Awesome, sounds like the museum really impressed you!",1,standard
"This jacket was superb, overall.",Love that! Thanks for the kind words about this jacket.,1,standard
totally thrilled that the concert wasted my time,We apologize for the trouble with the concert.,0,drift
I found the podcast to be underwhelming.,"Sorry about that experience with the podcast, we'll do better.",0,standard
The flight was genuinely subpar.,Sorry to hear the flight didn't work out.,0,standard
"In my opinion, this show is top-notch.",Love that! Thanks for the kind words about this show.,1,standard
This jacket was genuinely fantastic.,Love that! Thanks for the kind words about this jacket.,1,standard
"Honestly, this jacket turned out boring.",Sorry to hear this jacket didn't work out.,0,standard
the service slaps fr fr,That's great to hear about the service!,1,drift
I found the service to be frustrating.,Sorry the service let you down — thanks for the feedback.,0,standard
lol the podcast is straight up trash,Sorry to hear the podcast didn't work out.,0,drift
My experience with this laptop was enjoyable.,That's great to hear about this laptop!,1,standard
the gym membership was mid tbh,Sorry the gym membership let you down — thanks for the feedback.,0,drift
This course left me feeling it was superb.,"Awesome, sounds like this course really impressed you!",1,standard
not gonna lie this recipe is kinda perfect,"That's wonderful, thanks for letting us know about this recipe!",1,drift
not this show being this bad 😭,"Sorry about that experience with this show, we'll do better.",0,drift
The hotel room left me feeling it was top-notch.,Love that! Thanks for the kind words about the hotel room.,1,standard
lowkey obsessed with the coffee 😍,"Awesome, sounds like the coffee really impressed you!",1,drift
not gonna lie the museum is kinda perfect,Love that! Thanks for the kind words about the museum.,1,drift
The restaurant was genuinely reliable.,"That's wonderful, thanks for letting us know about the restaurant!",1,standard
lol the restaurant is straight up trash,Sorry the restaurant let you down — thanks for the feedback.,0,drift
this course really said main character energy,Thanks for sharing — happy this course worked out so well!,1,drift
My experience with the concert was disappointing.,"That's disappointing to hear about the concert, sorry about that.",0,standard
I found this software update to be impressive.,Love that! Thanks for the kind words about this software update.,1,standard
"This bakery was enjoyable, overall.",So glad you loved this bakery!,1,standard
"In my opinion, the restaurant is second-rate.",Sorry the restaurant let you down — thanks for the feedback.,0,standard
lol this app is straight up trash,Sorry this app let you down — thanks for the feedback.,0,drift
this camera is elite fr,That's great to hear about this camera!,1,drift
"yeah the gym membership was amazing, said no one ever","That sounds frustrating, we'll look into the gym membership.",0,drift
"big yikes, the museum was rough 😬","Sorry about that experience with the museum, we'll do better.",0,drift
wasn't expecting much but the hotel room actually delivered,That's great to hear about the hotel room!,1,drift
"Honestly, this app turned out top-notch.",Love that! Thanks for the kind words about this app.,1,standard
"Honestly, this laptop turned out disappointing.",We apologize for the trouble with this laptop.,0,standard
"somehow the museum didn't disappoint for once, shocking",Love that! Thanks for the kind words about the museum.,1,drift
not this course being this bad 😭,Sorry to hear this course didn't work out.,0,drift
this course straight up flopped ngl,"That sounds frustrating, we'll look into this course.",0,drift
This course left me feeling it was subpar.,Sorry to hear this course didn't work out.,0,standard
I found the hotel room to be frustrating.,We apologize for the trouble with the hotel room.,0,standard
"Honestly, this bakery turned out frustrating.",Sorry to hear this bakery didn't work out.,0,standard
I found the service to be impressive.,Love that! Thanks for the kind words about the service.,1,standard
I found this phone to be outstanding.,"Awesome, sounds like this phone really impressed you!",1,standard
the new album is a hard pass fr,"Sorry about that experience with the new album, we'll do better.",0,drift
"Honestly, the restaurant turned out satisfying.",That's great to hear about the restaurant!,1,standard
"The gym membership was outstanding, overall.",That's great to hear about the gym membership!,1,standard
the museum lowkey ruined my day ngl,"That sounds frustrating, we'll look into the museum.",0,drift
My experience with this app was excellent.,"Awesome, sounds like this app really impressed you!",1,standard
My experience with the customer support was subpar.,Sorry the customer support let you down — thanks for the feedback.,0,standard
wasn't expecting much but the customer support actually delivered,So glad you loved the customer support!,1,drift
The concert was genuinely well-made.,That's great to hear about the concert!,1,standard
My experience with this course was subpar.,We apologize for the trouble with this course.,0,standard
"yeah the concert was amazing, said no one ever","That sounds frustrating, we'll look into the concert.",0,drift
I found this camera to be fantastic.,Thanks for sharing — happy this camera worked out so well!,1,standard
lowkey obsessed with this book 😍,So glad you loved this book!,1,drift
this course 2/10 do not recommend,Sorry this course let you down — thanks for the feedback.,0,drift
The podcast was genuinely wonderful.,"Awesome, sounds like the podcast really impressed you!",1,standard
I found this phone to be poorly made.,Sorry this phone let you down — thanks for the feedback.,0,standard
The gym membership left me feeling it was reliable.,That's great to hear about the gym membership!,1,standard
wasn't expecting much but the gym membership actually delivered,That's great to hear about the gym membership!,1,drift
"color me surprised, this jacket was actually decent",Love that! Thanks for the kind words about this jacket.,1,drift
"Honestly, this book turned out poorly made.","That's disappointing to hear about this book, sorry about that.",0,standard
lowkey obsessed with the hotel room 😍,"That's wonderful, thanks for letting us know about the hotel room!",1,drift
My experience with this camera was well-made.,Thanks for sharing — happy this camera worked out so well!,1,standard
"In my opinion, this phone is superb.","Awesome, sounds like this phone really impressed you!",1,standard
"can't stop thinking about this course, so good!!","Awesome, sounds like this course really impressed you!",1,drift
"The customer support was mediocre, overall.",Sorry the customer support let you down — thanks for the feedback.,0,standard
"In my opinion, this bakery is great.","Awesome, sounds like this bakery really impressed you!",1,standard
"In my opinion, this course is poorly made.",Sorry to hear this course didn't work out.,0,standard
this phone straight up flopped ngl,We apologize for the trouble with this phone.,0,drift
"This camera was wonderful, overall.",That's great to hear about this camera!,1,standard
"The coffee was well-made, overall.","That's wonderful, thanks for letting us know about the coffee!",1,standard
This course was genuinely satisfying.,That's great to hear about this course!,1,standard
the coffee is a hard pass fr,We apologize for the trouble with the coffee.,0,drift
This course was genuinely enjoyable.,Love that! Thanks for the kind words about this course.,1,standard
"Honestly, the gym membership turned out mediocre.","That sounds frustrating, we'll look into the gym membership.",0,standard
"oh great, this book broke again, love that for me","Sorry about that experience with this book, we'll do better.",0,drift
this game is actually so underrated,Love that! Thanks for the kind words about this game.,1,drift
"This course was second-rate, overall.",Sorry this course let you down — thanks for the feedback.,0,standard
"In my opinion, the flight is terrible.","That's disappointing to hear about the flight, sorry about that.",0,standard
My experience with this recipe was great.,So glad you loved this recipe!,1,standard
The service was genuinely wonderful.,Love that! Thanks for the kind words about the service.,1,standard
lol this recipe is straight up trash,"Sorry about that experience with this recipe, we'll do better.",0,drift
I found the restaurant to be superb.,So glad you loved the restaurant!,1,standard
this camera slaps fr fr,Love that! Thanks for the kind words about this camera.,1,drift
this book is goated no cap,So glad you loved this book!,1,drift
I found this book to be satisfying.,"That's wonderful, thanks for letting us know about this book!",1,standard
wasn't expecting much but this recipe actually delivered,So glad you loved this recipe!,1,drift
"In my opinion, this game is mediocre.","That's disappointing to hear about this game, sorry about that.",0,standard
This book was genuinely wonderful.,That's great to hear about this book!,1,standard
This app left me feeling it was great.,That's great to hear about this app!,1,standard
I found this book to be enjoyable.,So glad you loved this book!,1,standard
"The restaurant was underwhelming, overall.","That sounds frustrating, we'll look into the restaurant.",0,standard
"Honestly, this bakery turned out unreliable.","That's disappointing to hear about this bakery, sorry about that.",0,standard
"In my opinion, this course is second-rate.",We apologize for the trouble with this course.,0,standard
"The flight was impressive, overall.",That's great to hear about the flight!,1,standard
"In my opinion, the gym membership is second-rate.","Sorry about that experience with the gym membership, we'll do better.",0,standard
The flight was genuinely underwhelming.,"That sounds frustrating, we'll look into the flight.",0,standard
the movie... yeah no thx 💀,Sorry to hear the movie didn't work out.,0,drift
not the hotel room being this bad 😭,Sorry to hear the hotel room didn't work out.,0,drift
This laptop was genuinely great.,So glad you loved this laptop!,1,standard
"This book was excellent, overall.",So glad you loved this book!,1,standard
"Honestly, the museum turned out impressive.","That's wonderful, thanks for letting us know about the museum!",1,standard
this bakery deadass changed my life lol,So glad you loved this bakery!,1,drift
"The coffee was second-rate, overall.",Sorry to hear the coffee didn't work out.,0,standard
okay the podcast is actually kinda amazing ngl,Love that! Thanks for the kind words about the podcast.,1,drift
"In my opinion, the service is unsatisfactory.",Sorry the service let you down — thanks for the feedback.,0,standard
"oh great, the customer support broke again, love that for me","That's disappointing to hear about the customer support, sorry about that.",0,drift
My experience with this game was excellent.,"Awesome, sounds like this game really impressed you!",1,standard
wow this laptop really said let me disappoint you,"That's disappointing to hear about this laptop, sorry about that.",0,drift
"can't stop thinking about the movie, so good!!","That's wonderful, thanks for letting us know about the movie!",1,drift
not me loving the coffee this much lol,Love that! Thanks for the kind words about the coffee.,1,drift
"In my opinion, this show is enjoyable.","That's wonderful, thanks for letting us know about this show!",1,standard
I found this laptop to be impressive.,That's great to hear about this laptop!,1,standard
"The movie was great, overall.",Love that! Thanks for the kind words about the movie.,1,standard
cant believe the hotel room was this disappointing lol,"That's disappointing to hear about the hotel room, sorry about that.",0,drift
"The restaurant was satisfying, overall.",Thanks for sharing — happy the restaurant worked out so well!,1,standard
this show 2/10 do not recommend,We apologize for the trouble with this show.,0,drift
the gym membership is a hard pass fr,We apologize for the trouble with the gym membership.,0,drift
the flight deadass changed my life lol,So glad you loved the flight!,1,drift
the museum is giving excellence tbh,"Awesome, sounds like the museum really impressed you!",1,drift
wow the movie really outdid itself in disappointing me,"That's disappointing to hear about the movie, sorry about that.",0,drift
the podcast lowkey ruined my day ngl,We apologize for the trouble with the podcast.,0,drift
"This camera was impressive, overall.","That's wonderful, thanks for letting us know about this camera!",1,standard
cant believe this camera was this disappointing lol,Sorry this camera let you down — thanks for the feedback.,0,drift
"The podcast was subpar, overall.","Sorry about that experience with the podcast, we'll do better.",0,standard
My experience with the podcast was fantastic.,Thanks for sharing — happy the podcast worked out so well!,1,standard
"color me surprised, this book was actually decent",So glad you loved this book!,1,drift
My experience with this bakery was wonderful.,So glad you loved this bakery!,1,standard
"the customer support was a whole vibe, loved it","That's wonderful, thanks for letting us know about the customer support!",1,drift
this course is actually so underrated,"Awesome, sounds like this course really impressed you!",1,drift
"In my opinion, the flight is satisfying.",So glad you loved the flight!,1,standard
My experience with the museum was mediocre.,Sorry the museum let you down — thanks for the feedback.,0,standard
lowkey obsessed with this bakery 😍,"That's wonderful, thanks for letting us know about this bakery!",1,drift
"The gym membership was satisfying, overall.",So glad you loved the gym membership!,1,standard
"In my opinion, this course is underwhelming.","That sounds frustrating, we'll look into this course.",0,standard
ngl this course is actually fire 🔥,Thanks for sharing — happy this course worked out so well!,1,drift
"In my opinion, this laptop is disappointing.",Sorry this laptop let you down — thanks for the feedback.,0,standard
I found this software update to be satisfying.,"Awesome, sounds like this software update really impressed you!",1,standard
lol the flight is straight up trash,Sorry the flight let you down — thanks for the feedback.,0,drift
My experience with the customer support was outstanding.,That's great to hear about the customer support!,1,standard
The customer support was genuinely outstanding.,"Awesome, sounds like the customer support really impressed you!",1,standard
"In my opinion, the service is enjoyable.",Thanks for sharing — happy the service worked out so well!,1,standard
This recipe left me feeling it was superb.,"Awesome, sounds like this recipe really impressed you!",1,standard
the new album deadass changed my life lol,Thanks for sharing — happy the new album worked out so well!,1,drift
lowkey obsessed with the podcast 😍,Thanks for sharing — happy the podcast worked out so well!,1,drift
I found the museum to be terrible.,We apologize for the trouble with the museum.,0,standard
I found this game to be wonderful.,"Awesome, sounds like this game really impressed you!",1,standard
"Honestly, the podcast turned out excellent.",Love that! Thanks for the kind words about the podcast.,1,standard
"Honestly, the podcast turned out underwhelming.",We apologize for the trouble with the podcast.,0,standard
This course left me feeling it was wonderful.,"Awesome, sounds like this course really impressed you!",1,standard
"yeah this show was amazing, said no one ever",Sorry to hear this show didn't work out.,0,drift
this jacket is giving excellence tbh,Thanks for sharing — happy this jacket worked out so well!,1,drift
The podcast was genuinely top-notch.,That's great to hear about the podcast!,1,standard
lol this bakery is straight up trash,"Sorry about that experience with this bakery, we'll do better.",0,drift
This software update was genuinely frustrating.,Sorry this software update let you down — thanks for the feedback.,0,standard
"This bakery was frustrating, overall.",Sorry this bakery let you down — thanks for the feedback.,0,standard
lol this book is straight up trash,Sorry to hear this book didn't work out.,0,drift
This recipe left me feeling it was satisfying.,"That's wonderful, thanks for letting us know about this recipe!",1,standard
this jacket... yeah no thx 💀,We apologize for the trouble with this jacket.,0,drift
"In my opinion, this camera is awful.","Sorry about that experience with this camera, we'll do better.",0,standard
this show was mid tbh,"That's disappointing to hear about this show, sorry about that.",0,drift
The flight was genuinely awful.,"Sorry about that experience with the flight, we'll do better.",0,standard
My experience with this book was satisfying.,Thanks for sharing — happy this book worked out so well!,1,standard
the customer support... yeah no thx 💀,Sorry to hear the customer support didn't work out.,0,drift
"oh great, the gym membership broke again, love that for me",We apologize for the trouble with the gym membership.,0,drift
"In my opinion, the service is awful.",Sorry the service let you down — thanks for the feedback.,0,standard
This phone left me feeling it was terrible.,Sorry this phone let you down — thanks for the feedback.,0,standard
"color me surprised, the customer support was actually decent",So glad you loved the customer support!,1,drift
lowkey obsessed with this laptop 😍,"Awesome, sounds like this laptop really impressed you!",1,drift
My experience with the museum was satisfying.,Love that! Thanks for the kind words about the museum.,1,standard
"Honestly, this app turned out second-rate.",Sorry to hear this app didn't work out.,0,standard
My experience with this phone was wonderful.,That's great to hear about this phone!,1,standard
"Honestly, this book turned out terrible.",Sorry this book let you down — thanks for the feedback.,0,standard
obsessed w the coffee rn 😭❤️,Thanks for sharing — happy the coffee worked out so well!,1,drift
lol this camera is straight up trash,Sorry this camera let you down — thanks for the feedback.,0,drift
the movie 2/10 do not recommend,"That's disappointing to hear about the movie, sorry about that.",0,drift
The hotel room left me feeling it was disappointing.,"That sounds frustrating, we'll look into the hotel room.",0,standard
This camera left me feeling it was satisfying.,"That's wonderful, thanks for letting us know about this camera!",1,standard
The coffee was genuinely top-notch.,"Awesome, sounds like the coffee really impressed you!",1,standard
"oh great, this jacket broke again, love that for me","Sorry about that experience with this jacket, we'll do better.",0,drift
"big yikes, the podcast was rough 😬","Sorry about that experience with the podcast, we'll do better.",0,drift
"In my opinion, this course is boring.",We apologize for the trouble with this course.,0,standard
"great job the flight, truly inspiring levels of bad","Sorry about that experience with the flight, we'll do better.",0,drift
"In my opinion, the movie is satisfying.",That's great to hear about the movie!,1,standard
"In my opinion, this bakery is disappointing.","Sorry about that experience with this bakery, we'll do better.",0,standard
not gonna lie this show is kinda perfect,Thanks for sharing — happy this show worked out so well!,1,drift
this bakery is a hard pass fr,We apologize for the trouble with this bakery.,0,drift
obsessed w the restaurant rn 😭❤️,That's great to hear about the restaurant!,1,drift
"In my opinion, the customer support is enjoyable.","Awesome, sounds like the customer support really impressed you!",1,standard
okay the restaurant is actually kinda amazing ngl,Love that! Thanks for the kind words about the restaurant.,1,drift
This show was genuinely frustrating.,Sorry to hear this show didn't work out.,0,standard
wasn't expecting much but the movie actually delivered,So glad you loved the movie!,1,drift
"somehow this laptop didn't disappoint for once, shocking",Love that! Thanks for the kind words about this laptop.,1,drift
okay the concert is actually kinda amazing ngl,"That's wonderful, thanks for letting us know about the concert!",1,drift
this show mid af ngl,We apologize for the trouble with this show.,0,drift
This app left me feeling it was terrible.,"Sorry about that experience with this app, we'll do better.",0,standard
the gym membership is elite fr,"That's wonderful, thanks for letting us know about the gym membership!",1,drift
obsessed w this bakery rn 😭❤️,Love that! Thanks for the kind words about this bakery.,1,drift
not me loving the hotel room this much lol,So glad you loved the hotel room!,1,drift
My experience with this show was boring.,Sorry to hear this show didn't work out.,0,standard
My experience with the museum was top-notch.,"Awesome, sounds like the museum really impressed you!",1,standard
My experience with this show was wonderful.,So glad you loved this show!,1,standard
"Honestly, the delivery turned out reliable.","Awesome, sounds like the delivery really impressed you!",1,standard
I found the concert to be outstanding.,Love that! Thanks for the kind words about the concert.,1,standard
this laptop really said main character energy,"That's wonderful, thanks for letting us know about this laptop!",1,drift
This phone was genuinely wonderful.,That's great to hear about this phone!,1,standard
This show left me feeling it was frustrating.,Sorry this show let you down — thanks for the feedback.,0,standard
wow this course really said let me disappoint you,We apologize for the trouble with this course.,0,drift
"In my opinion, this camera is excellent.",So glad you loved this camera!,1,standard
the podcast mid af ngl,Sorry to hear the podcast didn't work out.,0,drift
this show is goated no cap,"Awesome, sounds like this show really impressed you!",1,drift
This phone left me feeling it was well-made.,That's great to hear about this phone!,1,standard
the service 2/10 do not recommend,Sorry the service let you down — thanks for the feedback.,0,drift
"In my opinion, the delivery is boring.","Sorry about that experience with the delivery, we'll do better.",0,standard
"this app was a whole vibe, loved it",Thanks for sharing — happy this app worked out so well!,1,drift
My experience with this bakery was frustrating.,Sorry this bakery let you down — thanks for the feedback.,0,standard
The customer support was genuinely fantastic.,That's great to hear about the customer support!,1,standard
"somehow this book didn't disappoint for once, shocking",So glad you loved this book!,1,drift
This book left me feeling it was fantastic.,"That's wonderful, thanks for letting us know about this book!",1,standard
This bakery was genuinely underwhelming.,We apologize for the trouble with this bakery.,0,standard
the restaurant 10/10 would recommend,"That's wonderful, thanks for letting us know about the restaurant!",1,drift
I found the flight to be satisfying.,That's great to hear about the flight!,1,standard
The podcast was genuinely disappointing.,Sorry to hear the podcast didn't work out.,0,standard
The coffee was genuinely awful.,"Sorry about that experience with the coffee, we'll do better.",0,standard
wasn't expecting much but the flight actually delivered,So glad you loved the flight!,1,drift
"can't stop thinking about this app, so good!!",So glad you loved this app!,1,drift
the coffee was mid tbh,"That's disappointing to hear about the coffee, sorry about that.",0,drift
"somehow the customer support didn't disappoint for once, shocking","That's wonderful, thanks for letting us know about the customer support!",1,drift
"In my opinion, this bakery is satisfying.",That's great to hear about this bakery!,1,standard
The service left me feeling it was fantastic.,Love that! Thanks for the kind words about the service.,1,standard
The museum left me feeling it was second-rate.,Sorry the museum let you down — thanks for the feedback.,0,standard
not this bakery being this bad 😭,"That's disappointing to hear about this bakery, sorry about that.",0,drift
this app lowkey ruined my day ngl,Sorry this app let you down — thanks for the feedback.,0,drift
I found this book to be fantastic.,So glad you loved this book!,1,standard
this recipe is goated no cap,That's great to hear about this recipe!,1,drift
wow the customer support really said let me disappoint you,"That sounds frustrating, we'll look into the customer support.",0,drift
not the coffee being this bad 😭,"That's disappointing to hear about the coffee, sorry about that.",0,drift
"The hotel room was impressive, overall.","Awesome, sounds like the hotel room really impressed you!",1,standard
This bakery left me feeling it was enjoyable.,"Awesome, sounds like this bakery really impressed you!",1,standard
I found the customer support to be great.,"Awesome, sounds like the customer support really impressed you!",1,standard
My experience with the gym membership was reliable.,"Awesome, sounds like the gym membership really impressed you!",1,standard
the museum deadass changed my life lol,That's great to hear about the museum!,1,drift
The museum left me feeling it was enjoyable.,"Awesome, sounds like the museum really impressed you!",1,standard
"In my opinion, the restaurant is superb.",Love that! Thanks for the kind words about the restaurant.,1,standard
lol the new album is straight up trash,Sorry the new album let you down — thanks for the feedback.,0,drift
totally thrilled that the service wasted my time,"That's disappointing to hear about the service, sorry about that.",0,drift
"this recipe was so overhyped, big letdown",Sorry this recipe let you down — thanks for the feedback.,0,drift
"Honestly, this course turned out superb.",So glad you loved this course!,1,standard
I found the new album to be excellent.,That's great to hear about the new album!,1,standard
The restaurant was genuinely superb.,Love that! Thanks for the kind words about the restaurant.,1,standard
this show is a hard pass fr,"Sorry about that experience with this show, we'll do better.",0,drift
"In my opinion, the movie is well-made.","That's wonderful, thanks for letting us know about the movie!",1,standard
obsessed w this phone rn 😭❤️,"That's wonderful, thanks for letting us know about this phone!",1,drift
This game left me feeling it was underwhelming.,We apologize for the trouble with this game.,0,standard
"Honestly, this app turned out superb.",Love that! Thanks for the kind words about this app.,1,standard
the flight 2/10 do not recommend,Sorry to hear the flight didn't work out.,0,drift
My experience with this software update was poorly made.,"That sounds frustrating, we'll look into this software update.",0,standard
The podcast left me feeling it was top-notch.,"Awesome, sounds like the podcast really impressed you!",1,standard
"big yikes, the new album was rough 😬","That's disappointing to hear about the new album, sorry about that.",0,drift
this phone 10/10 would recommend,"That's wonderful, thanks for letting us know about this phone!",1,drift
the service is actually so underrated,That's great to hear about the service!,1,drift
the coffee straight up flopped ngl,We apologize for the trouble with the coffee.,0,drift
"In my opinion, the movie is terrible.","That's disappointing to hear about the movie, sorry about that.",0,standard
The flight left me feeling it was subpar.,Sorry the flight let you down — thanks for the feedback.,0,standard
cant believe the concert was this disappointing lol,"That's disappointing to hear about the concert, sorry about that.",0,drift
"In my opinion, the concert is outstanding.",That's great to hear about the concert!,1,standard
"yeah this recipe was amazing, said no one ever",Sorry to hear this recipe didn't work out.,0,drift
the hotel room got me smiling like an idiot ngl,Thanks for sharing — happy the hotel room worked out so well!,1,drift
"In my opinion, this software update is wonderful.",Thanks for sharing — happy this software update worked out so well!,1,standard
My experience with this recipe was unreliable.,"That's disappointing to hear about this recipe, sorry about that.",0,standard
The new album was genuinely enjoyable.,Love that! Thanks for the kind words about the new album.,1,standard
"In my opinion, this camera is wonderful.",Thanks for sharing — happy this camera worked out so well!,1,standard
My experience with this app was fantastic.,That's great to hear about this app!,1,standard
"The movie was outstanding, overall.",Love that! Thanks for the kind words about the movie.,1,standard
"The movie was top-notch, overall.","That's wonderful, thanks for letting us know about the movie!",1,standard
this camera really said main character energy,"Awesome, sounds like this camera really impressed you!",1,drift
"The concert was disappointing, overall.","That's disappointing to hear about the concert, sorry about that.",0,standard
My experience with the delivery was second-rate.,"That's disappointing to hear about the delivery, sorry about that.",0,standard
"shoutout to the delivery, genuinely great",Thanks for sharing — happy the delivery worked out so well!,1,drift
I found this recipe to be terrible.,We apologize for the trouble with this recipe.,0,standard
"great job this game, truly inspiring levels of bad",Sorry this game let you down — thanks for the feedback.,0,drift
My experience with the new album was awful.,"Sorry about that experience with the new album, we'll do better.",0,standard
this book is actually so underrated,Love that! Thanks for the kind words about this book.,1,drift
The movie left me feeling it was unreliable.,"That's disappointing to hear about the movie, sorry about that.",0,standard
This jacket left me feeling it was great.,"That's wonderful, thanks for letting us know about this jacket!",1,standard
totally thrilled that this jacket wasted my time,"That sounds frustrating, we'll look into this jacket.",0,drift
I found the delivery to be poorly made.,"Sorry about that experience with the delivery, we'll do better.",0,standard
lol the hotel room is straight up trash,"Sorry about that experience with the hotel room, we'll do better.",0,drift
I found the flight to be terrible.,"That's disappointing to hear about the flight, sorry about that.",0,standard
the hotel room 10/10 would recommend,Thanks for sharing — happy the hotel room worked out so well!,1,drift
The restaurant was genuinely unsatisfactory.,Sorry the restaurant let you down — thanks for the feedback.,0,standard
"In my opinion, the new album is terrible.","Sorry about that experience with the new album, we'll do better.",0,standard
"oh great, the restaurant broke again, love that for me","That's disappointing to hear about the restaurant, sorry about that.",0,drift
the podcast slaps fr fr,"Awesome, sounds like the podcast really impressed you!",1,drift
I found the new album to be well-made.,"That's wonderful, thanks for letting us know about the new album!",1,standard
this phone hit different 🙌,Thanks for sharing — happy this phone worked out so well!,1,drift
"yeah this app was amazing, said no one ever",We apologize for the trouble with this app.,0,drift
"In my opinion, the movie is great.",Thanks for sharing — happy the movie worked out so well!,1,standard
This book was genuinely unsatisfactory.,"That's disappointing to hear about this book, sorry about that.",0,standard
"The podcast was wonderful, overall.","Awesome, sounds like the podcast really impressed you!",1,standard
The coffee was genuinely excellent.,Thanks for sharing — happy the coffee worked out so well!,1,standard
This app left me feeling it was impressive.,"That's wonderful, thanks for letting us know about this app!",1,standard
this book is elite fr,Thanks for sharing — happy this book worked out so well!,1,drift
"In my opinion, the coffee is outstanding.",That's great to hear about the coffee!,1,standard
this bakery hit different 🙌,So glad you loved this bakery!,1,drift
"In my opinion, the flight is top-notch.","That's wonderful, thanks for letting us know about the flight!",1,standard
I found this software update to be well-made.,So glad you loved this software update!,1,standard
"oh great, this bakery broke again, love that for me","Sorry about that experience with this bakery, we'll do better.",0,drift
"In my opinion, the concert is frustrating.","Sorry about that experience with the concert, we'll do better.",0,standard
My experience with this laptop was poorly made.,"That's disappointing to hear about this laptop, sorry about that.",0,standard
My experience with the hotel room was terrible.,"That sounds frustrating, we'll look into the hotel room.",0,standard
My experience with the coffee was disappointing.,"That's disappointing to hear about the coffee, sorry about that.",0,standard
My experience with the delivery was enjoyable.,"Awesome, sounds like the delivery really impressed you!",1,standard
The gym membership left me feeling it was subpar.,Sorry to hear the gym membership didn't work out.,0,standard
"The concert was fantastic, overall.","Awesome, sounds like the concert really impressed you!",1,standard
the movie got me smiling like an idiot ngl,"That's wonderful, thanks for letting us know about the movie!",1,drift
"yeah this game was amazing, said no one ever",Sorry to hear this game didn't work out.,0,drift
The delivery was genuinely second-rate.,"That sounds frustrating, we'll look into the delivery.",0,standard
This game was genuinely unreliable.,Sorry to hear this game didn't work out.,0,standard
"In my opinion, the coffee is frustrating.","That's disappointing to hear about the coffee, sorry about that.",0,standard
I found this laptop to be poorly made.,"Sorry about that experience with this laptop, we'll do better.",0,standard
"great job this bakery, truly inspiring levels of bad","That sounds frustrating, we'll look into this bakery.",0,drift
"oh great, this laptop broke again, love that for me","Sorry about that experience with this laptop, we'll do better.",0,drift
"shoutout to this laptop, genuinely great",Love that! Thanks for the kind words about this laptop.,1,drift
"yeah the new album was amazing, said no one ever",Sorry to hear the new album didn't work out.,0,drift
totally thrilled that this show wasted my time,"That's disappointing to hear about this show, sorry about that.",0,drift
The coffee was genuinely reliable.,Love that! Thanks for the kind words about the coffee.,1,standard
the delivery was mid tbh,"That sounds frustrating, we'll look into the delivery.",0,drift
I found the customer support to be underwhelming.,Sorry the customer support let you down — thanks for the feedback.,0,standard
not the service being this bad 😭,"Sorry about that experience with the service, we'll do better.",0,drift
The concert left me feeling it was satisfying.,Thanks for sharing — happy the concert worked out so well!,1,standard
"Honestly, the movie turned out enjoyable.",So glad you loved the movie!,1,standard
"The hotel room was top-notch, overall.","That's wonderful, thanks for letting us know about the hotel room!",1,standard
"The flight was top-notch, overall.",Thanks for sharing — happy the flight worked out so well!,1,standard
this game is giving excellence tbh,So glad you loved this game!,1,drift
"Honestly, the movie turned out unsatisfactory.","Sorry about that experience with the movie, we'll do better.",0,standard
The podcast was genuinely superb.,That's great to hear about the podcast!,1,standard
"this jacket was so overhyped, big letdown","Sorry about that experience with this jacket, we'll do better.",0,drift
This phone was genuinely second-rate.,Sorry to hear this phone didn't work out.,0,standard
the delivery deadass changed my life lol,So glad you loved the delivery!,1,drift
I found the restaurant to be frustrating.,"Sorry about that experience with the restaurant, we'll do better.",0,standard
The customer support was genuinely boring.,"Sorry about that experience with the customer support, we'll do better.",0,standard
this laptop is giving excellence tbh,So glad you loved this laptop!,1,drift
"The hotel room was underwhelming, overall.","Sorry about that experience with the hotel room, we'll do better.",0,standard
The gym membership was genuinely outstanding.,"That's wonderful, thanks for letting us know about the gym membership!",1,standard
"Honestly, the hotel room turned out impressive.",Love that! Thanks for the kind words about the hotel room.,1,standard
This show was genuinely subpar.,Sorry this show let you down — thanks for the feedback.,0,standard
"can't stop thinking about this game, so good!!",So glad you loved this game!,1,drift
"In my opinion, this laptop is reliable.",That's great to hear about this laptop!,1,standard
I found this bakery to be top-notch.,Thanks for sharing — happy this bakery worked out so well!,1,standard
this book mid af ngl,We apologize for the trouble with this book.,0,drift
the customer support 10/10 would recommend,That's great to hear about the customer support!,1,drift
wow this software update really said let me disappoint you,Sorry to hear this software update didn't work out.,0,drift
the flight is elite fr,So glad you loved the flight!,1,drift
"In my opinion, the movie is impressive.",So glad you loved the movie!,1,standard
"yeah the museum was amazing, said no one ever",Sorry the museum let you down — thanks for the feedback.,0,drift
this phone really said main character energy,"That's wonderful, thanks for letting us know about this phone!",1,drift
lowkey obsessed with the movie 😍,So glad you loved the movie!,1,drift
not me loving this laptop this much lol,Thanks for sharing — happy this laptop worked out so well!,1,drift
The coffee left me feeling it was great.,"That's wonderful, thanks for letting us know about the coffee!",1,standard
The flight left me feeling it was wonderful.,Thanks for sharing — happy the flight worked out so well!,1,standard
"great job the gym membership, truly inspiring levels of bad","That sounds frustrating, we'll look into the gym membership.",0,drift
This game left me feeling it was well-made.,So glad you loved this game!,1,standard
This app left me feeling it was awful.,Sorry this app let you down — thanks for the feedback.,0,standard
"In my opinion, this jacket is subpar.",Sorry to hear this jacket didn't work out.,0,standard
The concert left me feeling it was great.,"Awesome, sounds like the concert really impressed you!",1,standard
My experience with the delivery was outstanding.,"That's wonderful, thanks for letting us know about the delivery!",1,standard
"can't stop thinking about the podcast, so good!!",Love that! Thanks for the kind words about the podcast.,1,drift
"Honestly, the restaurant turned out outstanding.",Love that! Thanks for the kind words about the restaurant.,1,standard
This camera left me feeling it was terrible.,Sorry this camera let you down — thanks for the feedback.,0,standard
not gonna lie the customer support is kinda perfect,Love that! Thanks for the kind words about the customer support.,1,drift
My experience with the museum was boring.,Sorry to hear the museum didn't work out.,0,standard
wasn't expecting much but this game actually delivered,Thanks for sharing — happy this game worked out so well!,1,drift
"this phone was a whole vibe, loved it",Thanks for sharing — happy this phone worked out so well!,1,drift
"can't stop thinking about this phone, so good!!",So glad you loved this phone!,1,drift
"Honestly, the service turned out frustrating.","Sorry about that experience with the service, we'll do better.",0,standard
wow this software update really outdid itself in disappointing me,"That sounds frustrating, we'll look into this software update.",0,drift
this jacket is elite fr,"Awesome, sounds like this jacket really impressed you!",1,drift
This camera was genuinely boring.,"Sorry about that experience with this camera, we'll do better.",0,standard
The movie left me feeling it was boring.,We apologize for the trouble with the movie.,0,standard
"In my opinion, this laptop is satisfying.",That's great to hear about this laptop!,1,standard
"great job the new album, truly inspiring levels of bad",Sorry the new album let you down — thanks for the feedback.,0,drift
lowkey obsessed with the delivery 😍,Love that! Thanks for the kind words about the delivery.,1,drift
The flight left me feeling it was unreliable.,"That's disappointing to hear about the flight, sorry about that.",0,standard
ngl the concert is actually fire 🔥,So glad you loved the concert!,1,drift
This jacket left me feeling it was superb.,Love that! Thanks for the kind words about this jacket.,1,standard
"color me surprised, this phone was actually decent","That's wonderful, thanks for letting us know about this phone!",1,drift
This software update was genuinely outstanding.,Thanks for sharing — happy this software update worked out so well!,1,standard
"Honestly, the service turned out satisfying.","Awesome, sounds like the service really impressed you!",1,standard
"big yikes, this book was rough 😬",We apologize for the trouble with this book.,0,drift
"Honestly, this phone turned out disappointing.",Sorry this phone let you down — thanks for the feedback.,0,standard
lol the service is straight up trash,Sorry the service let you down — thanks for the feedback.,0,drift
My experience with the gym membership was terrible.,"That's disappointing to hear about the gym membership, sorry about that.",0,standard
My experience with this show was fantastic.,So glad you loved this show!,1,standard
This show left me feeling it was great.,That's great to hear about this show!,1,standard
I found the podcast to be awful.,Sorry to hear the podcast didn't work out.,0,standard
"In my opinion, this recipe is impressive.",So glad you loved this recipe!,1,standard
the podcast got me smiling like an idiot ngl,Love that! Thanks for the kind words about the podcast.,1,drift
cant believe the restaurant was this disappointing lol,Sorry the restaurant let you down — thanks for the feedback.,0,drift
"Honestly, this software update turned out well-made.","Awesome, sounds like this software update really impressed you!",1,standard
The flight was genuinely poorly made.,"Sorry about that experience with the flight, we'll do better.",0,standard
"The gym membership was fantastic, overall.","Awesome, sounds like the gym membership really impressed you!",1,standard
I found this software update to be great.,"That's wonderful, thanks for letting us know about this software update!",1,standard
My experience with this show was awful.,"That sounds frustrating, we'll look into this show.",0,standard
"color me surprised, the service was actually decent","Awesome, sounds like the service really impressed you!",1,drift
ngl the gym membership is actually fire 🔥,So glad you loved the gym membership!,1,drift
This app left me feeling it was reliable.,"That's wonderful, thanks for letting us know about this app!",1,standard
"Honestly, this jacket turned out wonderful.",Thanks for sharing — happy this jacket worked out so well!,1,standard
My experience with this app was top-notch.,Love that! Thanks for the kind words about this app.,1,standard
"In my opinion, this camera is great.","That's wonderful, thanks for letting us know about this camera!",1,standard
The coffee was genuinely superb.,So glad you loved the coffee!,1,standard
the gym membership mid af ngl,"That's disappointing to hear about the gym membership, sorry about that.",0,drift
"Honestly, the service turned out second-rate.",Sorry to hear the service didn't work out.,0,standard
The movie left me feeling it was impressive.,That's great to hear about the movie!,1,standard
The service was genuinely awful.,"That sounds frustrating, we'll look into the service.",0,standard
okay the gym membership is actually kinda amazing ngl,Love that! Thanks for the kind words about the gym membership.,1,drift
My experience with this app was poorly made.,"That's disappointing to hear about this app, sorry about that.",0,standard
This bakery left me feeling it was wonderful.,Love that! Thanks for the kind words about this bakery.,1,standard
"In my opinion, this game is underwhelming.","Sorry about that experience with this game, we'll do better.",0,standard
I found this bakery to be great.,Thanks for sharing — happy this bakery worked out so well!,1,standard
My experience with this laptop was superb.,Love that! Thanks for the kind words about this laptop.,1,standard
"Honestly, the service turned out unreliable.","That sounds frustrating, we'll look into the service.",0,standard
My experience with this software update was superb.,"Awesome, sounds like this software update really impressed you!",1,standard
the movie is giving excellence tbh,"Awesome, sounds like the movie really impressed you!",1,drift
"This course was subpar, overall.",Sorry to hear this course didn't work out.,0,standard
"Honestly, the concert turned out terrible.",Sorry the concert let you down — thanks for the feedback.,0,standard
"The concert was reliable, overall.",Love that! Thanks for the kind words about the concert.,1,standard
"In my opinion, this game is frustrating.","Sorry about that experience with this game, we'll do better.",0,standard
The podcast was genuinely mediocre.,We apologize for the trouble with the podcast.,0,standard
"Honestly, the gym membership turned out poorly made.",Sorry the gym membership let you down — thanks for the feedback.,0,standard
I found the gym membership to be wonderful.,Thanks for sharing — happy the gym membership worked out so well!,1,standard
"In my opinion, this book is reliable.",So glad you loved this book!,1,standard
the delivery 10/10 would recommend,Love that! Thanks for the kind words about the delivery.,1,drift
the restaurant is giving excellence tbh,"Awesome, sounds like the restaurant really impressed you!",1,drift
"The service was disappointing, overall.","Sorry about that experience with the service, we'll do better.",0,standard
"In my opinion, this app is disappointing.",Sorry this app let you down — thanks for the feedback.,0,standard
"In my opinion, the flight is mediocre.","That's disappointing to hear about the flight, sorry about that.",0,standard
I found the restaurant to be underwhelming.,Sorry to hear the restaurant didn't work out.,0,standard
I found this laptop to be satisfying.,Thanks for sharing — happy this laptop worked out so well!,1,standard
not the concert being this bad 😭,"Sorry about that experience with the concert, we'll do better.",0,drift
"This bakery was fantastic, overall.",That's great to hear about this bakery!,1,standard
"Honestly, the hotel room turned out satisfying.",Love that! Thanks for the kind words about the hotel room.,1,standard
not gonna lie the podcast is kinda perfect,Thanks for sharing — happy the podcast worked out so well!,1,drift
"In my opinion, the coffee is wonderful.",Love that! Thanks for the kind words about the coffee.,1,standard
I found the hotel room to be underwhelming.,"Sorry about that experience with the hotel room, we'll do better.",0,standard
The podcast left me feeling it was outstanding.,So glad you loved the podcast!,1,standard
wow the hotel room really outdid itself in disappointing me,"That sounds frustrating, we'll look into the hotel room.",0,drift
"This book was impressive, overall.",Love that! Thanks for the kind words about this book.,1,standard
"Honestly, this phone turned out reliable.",So glad you loved this phone!,1,standard
The delivery was genuinely well-made.,"That's wonderful, thanks for letting us know about the delivery!",1,standard
"This phone was boring, overall.",Sorry this phone let you down — thanks for the feedback.,0,standard
My experience with the restaurant was excellent.,"That's wonderful, thanks for letting us know about the restaurant!",1,standard
My experience with this bakery was great.,"That's wonderful, thanks for letting us know about this bakery!",1,standard
"Honestly, this book turned out outstanding.",So glad you loved this book!,1,standard
The delivery was genuinely impressive.,So glad you loved the delivery!,1,standard
this jacket really said main character energy,That's great to hear about this jacket!,1,drift
"somehow the flight didn't disappoint for once, shocking",Love that! Thanks for the kind words about the flight.,1,drift
this bakery really said main character energy,Thanks for sharing — happy this bakery worked out so well!,1,drift
wow this camera really outdid itself in disappointing me,Sorry this camera let you down — thanks for the feedback.,0,drift
I found the museum to be impressive.,So glad you loved the museum!,1,standard
My experience with the podcast was satisfying.,Love that! Thanks for the kind words about the podcast.,1,standard
lowkey obsessed with the service 😍,"Awesome, sounds like the service really impressed you!",1,drift
"In my opinion, this recipe is second-rate.",We apologize for the trouble with this recipe.,0,standard
lowkey obsessed with this show 😍,That's great to hear about this show!,1,drift
"oh great, this course broke again, love that for me",Sorry this course let you down — thanks for the feedback.,0,drift
I found this bakery to be wonderful.,"That's wonderful, thanks for letting us know about this bakery!",1,standard
"great job the customer support, truly inspiring levels of bad",Sorry to hear the customer support didn't work out.,0,drift
this course was mid tbh,Sorry this course let you down — thanks for the feedback.,0,drift
this show got me smiling like an idiot ngl,So glad you loved this show!,1,drift
My experience with this phone was boring.,"Sorry about that experience with this phone, we'll do better.",0,standard
"Honestly, this bakery turned out outstanding.","That's wonderful, thanks for letting us know about this bakery!",1,standard
this recipe lowkey ruined my day ngl,We apologize for the trouble with this recipe.,0,drift
the delivery straight up flopped ngl,Sorry the delivery let you down — thanks for the feedback.,0,drift
this book 10/10 would recommend,Love that! Thanks for the kind words about this book.,1,drift
The coffee left me feeling it was top-notch.,So glad you loved the coffee!,1,standard
"shoutout to the concert, genuinely great",Love that! Thanks for the kind words about the concert.,1,drift
"In my opinion, the hotel room is wonderful.",That's great to hear about the hotel room!,1,standard
"big yikes, this course was rough 😬",Sorry to hear this course didn't work out.,0,drift
The service was genuinely well-made.,"That's wonderful, thanks for letting us know about the service!",1,standard
this app is goated no cap,"That's wonderful, thanks for letting us know about this app!",1,drift
My experience with this jacket was fantastic.,"Awesome, sounds like this jacket really impressed you!",1,standard
This recipe was genuinely reliable.,So glad you loved this recipe!,1,standard
The gym membership was genuinely excellent.,Love that! Thanks for the kind words about the gym membership.,1,standard
"In my opinion, this software update is second-rate.",Sorry this software update let you down — thanks for the feedback.,0,standard
this bakery 10/10 would recommend,"Awesome, sounds like this bakery really impressed you!",1,drift
My experience with the coffee was well-made.,That's great to hear about the coffee!,1,standard
"color me surprised, the movie was actually decent",Thanks for sharing — happy the movie worked out so well!,1,drift
"Honestly, this book turned out great.",Thanks for sharing — happy this book worked out so well!,1,standard
"This camera was terrible, overall.","Sorry about that experience with this camera, we'll do better.",0,standard
this game hit different 🙌,"That's wonderful, thanks for letting us know about this game!",1,drift
"Honestly, this game turned out well-made.",That's great to hear about this game!,1,standard
This game left me feeling it was frustrating.,"That's disappointing to hear about this game, sorry about that.",0,standard
"In my opinion, the new album is satisfying.",Thanks for sharing — happy the new album worked out so well!,1,standard
This bakery left me feeling it was fantastic.,"Awesome, sounds like this bakery really impressed you!",1,standard
"Honestly, this game turned out second-rate.",Sorry this game let you down — thanks for the feedback.,0,standard
"In my opinion, this software update is mediocre.","That sounds frustrating, we'll look into this software update.",0,standard
My experience with this book was fantastic.,That's great to hear about this book!,1,standard
wasn't expecting much but the delivery actually delivered,That's great to hear about the delivery!,1,drift
this app 10/10 would recommend,Love that! Thanks for the kind words about this app.,1,drift
The concert was genuinely poorly made.,Sorry to hear the concert didn't work out.,0,standard
